MeJA roots 1,Retention Time 1,Area roots 1,MeJA roots 2,Retention Time 2,Area roots 2,MeJA roots 3,Retention Time 3,Area roots 3,MeJA roots 4,Retention Time 4,Area roots 4,Signal: 210331_001.D\FID1A.ch,Signal: 210401_001.D\FID1A.ch,Signal: 210401_003.D\FID1A.ch,Column15,Column16,Column17,Column18,Column19,Column20,Column21,Signal: 210401_015.D\FID1A.ch,Column 32,Column 33,Column 34,Column 35,Column 36,Column 37,Signal: 210331_006.D\FID1A.ch,Signal: 210401_006.D\FID1A.ch,Signal: 210401_008.D\FID1A.ch,Signal: 210331_008.D\FID1A.ch,Column 38,Column 39,Column 40,Column 41,Column 42,Column 43,Signal: 210331_005.D\FID1A.ch,Signal: 210401_005.D\FID1A.ch,Signal: 210401_007.D\FID1A.ch,Signal: 210331_007.D\FID1A.ch,Column 44,Column 45,Column 46,Column 47,Column 48,Column 49,Signal: 210331_010.D\FID1A.ch,Signal: 210401_010.D\FID1A.ch,Signal: 210401_012.D\FID1A.ch,Signal: 210331_012.D\FID1A.ch,Column 50,Column 51,Column 52,Column 53,Column 54,Column 55,Signal: 210331_009.D\FID1A.ch,Signal: 210401_009.D\FID1A.ch,Signal: 210401_011.D\FID1A.ch,Signal: 210331_011.D\FID1A.ch,Column 56,Column 57,Column 58,Column 59,Column 60,Column 61
 MeJA roots 1,,, MeJA roots 2,,,MeJA roots 3,,,,,,,,,,,,,,,,,,,,,,,,,,,,,,,,,,,,,,,,,,,,,,,,,,,,,,,,,,,,,,
,,,,,,,,,,,,,,,,,,,,,,,,,,,,,,,,,,,,,,,,,,,,,,,,,,,,,,,,,,,,,,,,,,,,
Peak #,Ret Time,Area,Peak #,Ret Time,Area,Peak #,Ret Time,Area,,,,,,,,,,,,,,,,,,,,,,,,,,,,,,,,,,,,,,,,,,,,,,,,,,,,,,,,,,,,
1,1.822,25686263373,1,1.824,24486409862,1,1.822,24449538544,,,,,,,,,,,,,,,,,,,,,,,,,,,,,,,,,,,,,,,,,,,,,,,,,,,,,,,,,,,,
2,1.862,199897909158,2,1.864,197987378747,2,1.86,204227479797,,,,,,,,,,,,,,,,,,,,,,,,,,,,,,,,,,,,,,,,,,,,,,,,,,,,,,,,,,,,
3,3.886,11386591864,3,3.886,11216940252,3,3.885,11501295305,Signal: 210331_004.D\FID1A.ch,,,,,,,,,,,,,,,,,,,,,,,,,,,,,,,,,,,,,,,,,,,,,,,,,,,,,,,,,,,
4,11.667,131105901,4,11.674,113746250,4,11.659,79259676,MeJA roots 4,,,,,,,,,,,,,,,,,,,,,,,,,,,,,,,,,,,,,,,,,,,,,,,,,,,,,,,,,,,
5,12.231,4437609,5,12.248,3507397,5,13.002,17728172,,,,,,,,,,,,,,,,,,,,,,,,,,,,,,,,,,,,,,,,,,,,,,,,,,,,,,,,,,,,
6,12.984,20076898,6,12.991,19805084,6,13.671,17651617,Peak #,Ret Time,Area,,,,,,,,,,,,,,,,,,,,,,,,,,,,,,,,,,,,,,,,,,,,,,,,,,,,,,,,,
7,13.483,62732905,7,13.664,30269642,7,14.978,4641174,1,1.822,25551949209,,,,,,,,,,,,,,,,,,,,,,,,,,,,,,,,,,,,,,,,,,,,,,,,,,,,,,,,,
8,13.675,42177637,8,14.79,10416367,8,15.683,18470892,2,1.862,201959075842,,,,,,,,,,,,,,,,,,,,,,,,,,,,,,,,,,,,,,,,,,,,,,,,,,,,,,,,,
9,14.969,9231475,9,14.968,5415548,9,16.282,6145368,3,3.884,11559589605,,,,,,,,,,,,,,,,,,,,,,,,,,,,,,,,,,,,,,,,,,,,,,,,,,,,,,,,,
10,16.279,13189570,10,15.358,11183092,10,17.352,24683245,4,11.591,16461390,,,,,,,,,,,,,,,,,,,,,,,,,,,,,,,,,,,,,,,,,,,,,,,,,,,,,,,,,
11,17.325,29455002,11,16.812,31046263,11,17.597,9190808,5,12.966,3796533,,,,,,,,,,,,,,,,,,,,,,,,,,,,,,,,,,,,,,,,,,,,,,,,,,,,,,,,,
12,19.381,3682087,12,17.38,17501024,12,19.402,3763848,6,13.3,18640981,,,,,,,,,,,,,,,,,,,,,,,,,,,,,,,,,,,,,,,,,,,,,,,,,,,,,,,,,
13,20.698,441371525,13,18.105,462398248,13,20.11,3675829,7,15.239,7753214,,,,,,,,,,,,,,,,,,,,,,,,,,,,,,,,,,,,,,,,,,,,,,,,,,,,,,,,,
14,20.744,1587072,14,18.79,59915652,14,20.606,389603670,8,17.32,16756408,,,,,,,,,,,,,,,,,,,,,,,,,,,,,,,,,,,,,,,,,,,,,,,,,,,,,,,,,
15,20.896,5236545,15,19.2,13494325,15,20.638,7588057,9,18.216,41324266,,,,,,,,,,,,,,,,,,,,,,,,,,,,,,,,,,,,,,,,,,,,,,,,,,,,,,,,,
16,21.392,134978472,16,19.423,9267053,16,20.718,3755256,10,20.676,324912923,,,,,,,,,,,,,,,,,,,,,,,,,,,,,,,,,,,,,,,,,,,,,,,,,,,,,,,,,
17,21.46,5494886,17,19.57,19597017,17,20.93,5145486,11,20.758,322098424,,,,,,,,,,,,,,,,,,,,,,,,,,,,,,,,,,,,,,,,,,,,,,,,,,,,,,,,,
18,22.558,4322290,18,19.804,33035192,18,21.47,240677847,12,21.221,6055494,,,,,,,,,,,,,,,,,,,,,,,,,,,,,,,,,,,,,,,,,,,,,,,,,,,,,,,,,
19,23.673,5064823,19,19.962,12168289,19,21.523,6609654,13,21.362,59466063,,,,,,,,,,,,,,,,,,,,,,,,,,,,,,,,,,,,,,,,,,,,,,,,,,,,,,,,,
20,23.792,40831123,20,20.306,28577354,20,22.593,7722284,14,23.827,68287574,,,,,,,,,,,,,,,,,,,,,,,,,,,,,,,,,,,,,,,,,,,,,,,,,,,,,,,,,
21,24.178,3028724,21,20.597,309029786,21,23.407,10681587,15,24.558,14875096,,,,,,,,,,,,,,,,,,,,,,,,,,,,,,,,,,,,,,,,,,,,,,,,,,,,,,,,,
22,24.553,22896150,22,20.695,92349052,22,23.783,20871073,16,24.681,3007028,,,,,,,,,,,,,,,,,,,,,,,,,,,,,,,,,,,,,,,,,,,,,,,,,,,,,,,,,
23,24.671,5278616,23,20.763,9207337,23,24.211,7439918,17,26.047,1032872173,,,,,,,,,,,,,,,,,,,,,,,,,,,,,,,,,,,,,,,,,,,,,,,,,,,,,,,,,
24,25.9,361998047,24,20.86,22560346,24,24.342,4898053,18,27.095,2282209,,,,,,,,,,,,,,,,,,,,,,,,,,,,,,,,,,,,,,,,,,,,,,,,,,,,,,,,,
25,25.929,104384494,25,20.951,23384621,25,24.568,7285750,19,27.685,71742292,,,,,,,,,,,,,,,,,,,,,,,,,,,,,,,,,,,,,,,,,,,,,,,,,,,,,,,,,
26,25.969,183943485,26,21.136,4379382,26,24.869,6149786,20,27.755,14062152,,,,,,,,,,,,,,,,,,,,,,,,,,,,,,,,,,,,,,,,,,,,,,,,,,,,,,,,,
27,27.071,1913171,27,21.246,6657126,27,25.665,15175152,21,27.803,6179786,,,,,,,,,,,,,,,,,,,,,,,,,,,,,,,,,,,,,,,,,,,,,,,,,,,,,,,,,
28,27.653,52255175,28,21.438,128776488,28,26,634531386,22,28.843,4906625,,,,,,,,,,,,,,,,,,,,,,,,,,,,,,,,,,,,,,,,,,,,,,,,,,,,,,,,,
29,27.742,28821731,29,21.506,4609694,29,26.038,202752740,23,29.891,15207334,,,,,,,,,,,,,,,,,,,,,,,,,,,,,,,,,,,,,,,,,,,,,,,,,,,,,,,,,
30,28.835,22805579,30,21.682,29150725,30,26.72,5875756,24,30.878,8093190,,,,,,,,,,,,,,,,,,,,,,,,,,,,,,,,,,,,,,,,,,,,,,,,,,,,,,,,,
31,28.921,15484668,31,21.843,12754560,31,27.109,2232342,25,31.877,3275391,,,,,,,,,,,,,,,,,,,,,,,,,,,,,,,,,,,,,,,,,,,,,,,,,,,,,,,,,
32,29.869,8975838,32,22.098,14637920,32,27.692,54733063,26,32.188,3959584,,,,,,,,,,,,,,,,,,,,,,,,,,,,,,,,,,,,,,,,,,,,,,,,,,,,,,,,,
33,30.868,9760385,33,22.463,98441616,33,27.775,17901623,27,32.283,3434482,,,,,,,,,,,,,,,,,,,,,,,,,,,,,,,,,,,,,,,,,,,,,,,,,,,,,,,,,
34,31.865,3641280,34,22.578,6202552,34,27.817,5128522,28,32.702,8753263,,,,,,,,,,,,,,,,,,,,,,,,,,,,,,,,,,,,,,,,,,,,,,,,,,,,,,,,,
35,32.173,2600802,35,22.601,5172643,35,28.634,5682450,29,32.985,6018499,,,,,,,,,,,,,,,,,,,,,,,,,,,,,,,,,,,,,,,,,,,,,,,,,,,,,,,,,
36,32.69,5616114,36,23.265,5787890,36,28.861,15087247,30,34.251,11614687,,,,,,,,,,,,,,,,,,,,,,,,,,,,,,,,,,,,,,,,,,,,,,,,,,,,,,,,,
37,32.973,10779645,37,23.721,3864332,37,28.951,14958865,31,34.352,3974729,,,,,,,,,,,,,,,,,,,,,,,,,,,,,,,,,,,,,,,,,,,,,,,,,,,,,,,,,
38,33.976,5706605,38,23.789,18109197,38,29.056,4655711,32,34.426,7199795,,,,,,,,,,,,,,,,,,,,,,,,,,,,,,,,,,,,,,,,,,,,,,,,,,,,,,,,,
39,34.235,9842141,39,24.161,65675426,39,29.911,9514109,33,34.745,37680931,,,,,,,,,,,,,,,,,,,,,,,,,,,,,,,,,,,,,,,,,,,,,,,,,,,,,,,,,
40,34.342,5172162,40,24.584,12963608,40,30.912,14401088,34,35.279,70632911,,,,,,,,,,,,,,,,,,,,,,,,,,,,,,,,,,,,,,,,,,,,,,,,,,,,,,,,,
41,34.409,7199574,41,24.701,5223802,41,31.909,10717570,35,35.506,12220301,,,,,,,,,,,,,,,,,,,,,,,,,,,,,,,,,,,,,,,,,,,,,,,,,,,,,,,,,
42,34.731,39334725,42,25.247,63857878,42,32.221,5544228,36,35.758,5833751,,,,,,,,,,,,,,,,,,,,,,,,,,,,,,,,,,,,,,,,,,,,,,,,,,,,,,,,,
43,35.431,178197061,43,25.531,18543251,43,32.319,4802460,37,35.919,5199682,,,,,,,,,,,,,,,,,,,,,,,,,,,,,,,,,,,,,,,,,,,,,,,,,,,,,,,,,
44,35.492,8391314,44,25.967,473331698,44,32.732,4221682,38,38.732,32124616,,,,,,,,,,,,,,,,,,,,,,,,,,,,,,,,,,,,,,,,,,,,,,,,,,,,,,,,,
45,35.72,19028562,45,25.982,57698360,45,33.014,9370630,39,39.215,287323983,,,,,,,,,,,,,,,,,,,,,,,,,,,,,,,,,,,,,,,,,,,,,,,,,,,,,,,,,
46,35.992,12537053,46,26.014,157796178,46,34.293,13937700,40,39.477,4445377,,,,,,,,,,,,,,,,,,,,,,,,,,,,,,,,,,,,,,,,,,,,,,,,,,,,,,,,,
47,38.752,56689493,47,26.373,3299054,47,34.392,6943829,41,39.837,71263402,,,,,,,,,,,,,,,,,,,,,,,,,,,,,,,,,,,,,,,,,,,,,,,,,,,,,,,,,
48,39.291,543661705,48,26.707,4576825,48,34.459,6400159,42,39.943,8804211,,,,,,,,,,,,,,,,,,,,,,,,,,,,,,,,,,,,,,,,,,,,,,,,,,,,,,,,,
49,39.332,3663716,49,26.811,11116493,49,34.789,47662005,43,40.142,12987356,,,,,,,,,,,,,,,,,,,,,,,,,,,,,,,,,,,,,,,,,,,,,,,,,,,,,,,,,
50,39.589,5058993,50,27.089,10561847,50,35.075,4178593,44,42.455,7167708,,,,,,,,,,,,,,,,,,,,,,,,,,,,,,,,,,,,,,,,,,,,,,,,,,,,,,,,,
51,39.655,4885962,51,27.416,287677747,51,35.327,83638722,45,48.166,37952278,,,,,,,,,,,,,,,,,,,,,,,,,,,,,,,,,,,,,,,,,,,,,,,,,,,,,,,,,
52,39.875,126890253,52,27.451,35020175,52,35.549,19908081,46,49.012,12959017,,,,,,,,,,,,,,,,,,,,,,,,,,,,,,,,,,,,,,,,,,,,,,,,,,,,,,,,,
53,39.971,18192407,53,27.7,42332454,53,35.763,7229619,47,50.4,141705589,,,,,,,,,,,,,,,,,,,,,,,,,,,,,,,,,,,,,,,,,,,,,,,,,,,,,,,,,
54,40.134,5070310,54,27.781,11641378,54,35.984,11210753,48,50.894,24778399,,,,,,,,,,,,,,,,,,,,,,,,,,,,,,,,,,,,,,,,,,,,,,,,,,,,,,,,,
55,40.366,2079031,55,27.839,4285596,55,38.796,59496290,,,,,,,,,,,,,,,,,,,,,,,,,,,,,,,,,,,,,,,,,,,,,,,,,,,,,,,,,,,,
56,45.345,14555197,56,28.252,3394114,56,39.219,218101999,,,,,,,,,,,,,,,,,,,,,,,,,,,,,,,,,,,,,,,,,,,,,,,,,,,,,,,,,,,,
57,49.065,45309500,57,28.33,4127886,57,39.315,300008987,,,,,,,,,,,,,,,,,,,,,,,,,,,,,,,,,,,,,,,,,,,,,,,,,,,,,,,,,,,,
58,50.256,50109168,58,28.485,115767311,58,39.374,4906399,,,,,,,,,,,,,,,,,,,,,,,,,,,,,,,,,,,,,,,,,,,,,,,,,,,,,,,,,,,,
59,50.322,29032332,59,28.637,4836077,59,39.55,8581914,,,,,,,,,,,,,,,,,,,,,,,,,,,,,,,,,,,,,,,,,,,,,,,,,,,,,,,,,,,,
60,50.413,76718369,60,28.986,171237088,60,39.629,5560172,,,,,,,,,,,,,,,,,,,,,,,,,,,,,,,,,,,,,,,,,,,,,,,,,,,,,,,,,,,,
61,50.893,31674659,61,29.817,8168259,61,39.934,135264397,,,,,,,,,,,,,,,,,,,,,,,,,,,,,,,,,,,,,,,,,,,,,,,,,,,,,,,,,,,,
,,,62,29.921,11886671,62,40.027,16825565,,,,,,,,,,,,,,,,,,,,,,,,,,,,,,,,,,,,,,,,,,,,,,,,,,,,,,,,,,,,
,,,63,30.23,11965868,63,40.179,16745493,,,,,,,,,,,,,,,,,,,,,,,,,,,,,,,,,,,,,,,,,,,,,,,,,,,,,,,,,,,,
,,,64,30.466,147403174,64,40.269,8065061,,,,,,,,,,,,,,,,,,,,,,,,,,,,,,,,,,,,,,,,,,,,,,,,,,,,,,,,,,,,
,,,65,30.59,5099414,65,41.902,6179830,,,,,,,,,,,,,,,,,,,,,,,,,,,,,,,,,,,,,,,,,,,,,,,,,,,,,,,,,,,,
,,,66,30.918,5254688,66,42.663,6551004,,,,,,,,,,,,,,,,,,,,,,,,,,,,,,,,,,,,,,,,,,,,,,,,,,,,,,,,,,,,
,,,67,31.263,6952925,67,45.076,7682121,,,,,,,,,,,,,,,,,,,,,,,,,,,,,,,,,,,,,,,,,,,,,,,,,,,,,,,,,,,,
,,,68,31.406,3624763,68,45.421,21208405,,,,,,,,,,,,,,,,,,,,,,,,,,,,,,,,,,,,,,,,,,,,,,,,,,,,,,,,,,,,
,,,69,31.892,150619735,69,47.324,8467647,,,,,,,,,,,,,,,,,,,,,,,,,,,,,,,,,,,,,,,,,,,,,,,,,,,,,,,,,,,,
,,,70,32.226,3782260,70,48.102,18676949,,,,,,,,,,,,,,,,,,,,,,,,,,,,,,,,,,,,,,,,,,,,,,,,,,,,,,,,,,,,
,,,71,32.329,4968403,71,48.272,28502042,,,,,,,,,,,,,,,,,,,,,,,,,,,,,,,,,,,,,,,,,,,,,,,,,,,,,,,,,,,,
,,,72,32.466,4217941,72,48.434,21926500,,,,,,,,,,,,,,,,,,,,,,,,,,,,,,,,,,,,,,,,,,,,,,,,,,,,,,,,,,,,
,,,73,32.663,4203318,73,49.191,54173516,,,,,,,,,,,,,,,,,,,,,,,,,,,,,,,,,,,,,,,,,,,,,,,,,,,,,,,,,,,,
,,,74,33.055,7039993,74,50.516,160502813,,,,,,,,,,,,,,,,,,,,,,,,,,,,,,,,,,,,,,,,,,,,,,,,,,,,,,,,,,,,
,,,75,33.25,94349118,75,50.983,28071019,,,,,,,,,,,,,,,,,,,,,,,,,,,,,,,,,,,,,,,,,,,,,,,,,,,,,,,,,,,,
,,,76,33.543,2244425,,,,,,,,,,,,,,,,,,,,,,,,,,,,,,,,,,,,,,,,,,,,,,,,,,,,,,,,,,,,,,,
,,,77,34.029,15155935,,,,,,,,,,,,,,,,,,,,,,,,,,,,,,,,,,,,,,,,,,,,,,,,,,,,,,,,,,,,,,,
,,,78,34.257,29916159,,,,,,,,,,,,,,,,,,,,,,,,,,,,,,,,,,,,,,,,,,,,,,,,,,,,,,,,,,,,,,,
,,,79,34.327,7364276,,,,,,,,,,,,,,,,,,,,,,,,,,,,,,,,,,,,,,,,,,,,,,,,,,,,,,,,,,,,,,,
,,,80,34.431,5491831,,,,,,,,,,,,,,,,,,,,,,,,,,,,,,,,,,,,,,,,,,,,,,,,,,,,,,,,,,,,,,,
,,,81,34.572,66600307,,,,,,,,,,,,,,,,,,,,,,,,,,,,,,,,,,,,,,,,,,,,,,,,,,,,,,,,,,,,,,,
,,,82,34.809,33260376,,,,,,,,,,,,,,,,,,,,,,,,,,,,,,,,,,,,,,,,,,,,,,,,,,,,,,,,,,,,,,,
,,,83,34.947,3844242,,,,,,,,,,,,,,,,,,,,,,,,,,,,,,,,,,,,,,,,,,,,,,,,,,,,,,,,,,,,,,,
,,,84,35.21,60612539,,,,,,,,,,,,,,,,,,,,,,,,,,,,,,,,,,,,,,,,,,,,,,,,,,,,,,,,,,,,,,,
,,,85,35.322,43963309,,,,,,,,,,,,,,,,,,,,,,,,,,,,,,,,,,,,,,,,,,,,,,,,,,,,,,,,,,,,,,,
,,,86,35.624,51321272,,,,,,,,,,,,,,,,,,,,,,,,,,,,,,,,,,,,,,,,,,,,,,,,,,,,,,,,,,,,,,,
,,,87,35.842,40519128,,,,,,,,,,,,,,,,,,,,,,,,,,,,,,,,,,,,,,,,,,,,,,,,,,,,,,,,,,,,,,,
,,,88,35.955,12284075,,,,,,,,,,,,,,,,,,,,,,,,,,,,,,,,,,,,,,,,,,,,,,,,,,,,,,,,,,,,,,,
,,,89,36.251,7210083,,,,,,,,,,,,,,,,,,,,,,,,,,,,,,,,,,,,,,,,,,,,,,,,,,,,,,,,,,,,,,,
,,,90,37.066,23364166,,,,,,,,,,,,,,,,,,,,,,,,,,,,,,,,,,,,,,,,,,,,,,,,,,,,,,,,,,,,,,,
,,,91,38.343,11276167,,,,,,,,,,,,,,,,,,,,,,,,,,,,,,,,,,,,,,,,,,,,,,,,,,,,,,,,,,,,,,,
,,,92,38.799,58635501,,,,,,,,,,,,,,,,,,,,,,,,,,,,,,,,,,,,,,,,,,,,,,,,,,,,,,,,,,,,,,,
,,,93,39.298,433589056,,,,,,,,,,,,,,,,,,,,,,,,,,,,,,,,,,,,,,,,,,,,,,,,,,,,,,,,,,,,,,,
,,,94,39.349,3588373,,,,,,,,,,,,,,,,,,,,,,,,,,,,,,,,,,,,,,,,,,,,,,,,,,,,,,,,,,,,,,,
,,,95,39.474,12987499,,,,,,,,,,,,,,,,,,,,,,,,,,,,,,,,,,,,,,,,,,,,,,,,,,,,,,,,,,,,,,,
,,,96,39.625,3696075,,,,,,,,,,,,,,,,,,,,,,,,,,,,,,,,,,,,,,,,,,,,,,,,,,,,,,,,,,,,,,,
,,,97,39.692,5014204,,,,,,,,,,,,,,,,,,,,,,,,,,,,,,,,,,,,,,,,,,,,,,,,,,,,,,,,,,,,,,,
,,,98,39.896,99547547,,,,,,,,,,,,,,,,,,,,,,,,,,,,,,,,,,,,,,,,,,,,,,,,,,,,,,,,,,,,,,,
,,,99,40.004,20780310,,,,,,,,,,,,,,,,,,,,,,,,,,,,,,,,,,,,,,,,,,,,,,,,,,,,,,,,,,,,,,,
,,,100,40.167,11474680,,,,,,,,,,,,,,,,,,,,,,,,,,,,,,,,,,,,,,,,,,,,,,,,,,,,,,,,,,,,,,,
,,,101,40.702,11362698,,,,,,,,,,,,,,,,,,,,,,,,,,,,,,,,,,,,,,,,,,,,,,,,,,,,,,,,,,,,,,,
,,,102,42.485,4989887,,,,,,,,,,,,,,,,,,,,,,,,,,,,,,,,,,,,,,,,,,,,,,,,,,,,,,,,,,,,,,,
,,,103,42.948,11818843,,,,,,,,,,,,,,,,,,,,,,,,,,,,,,,,,,,,,,,,,,,,,,,,,,,,,,,,,,,,,,,
,,,104,45.085,5222963,,,,,,,,,,,,,,,,,,,,,,,,,,,,,,,,,,,,,,,,,,,,,,,,,,,,,,,,,,,,,,,
,,,105,45.411,24685225,,,,,,,,,,,,,,,,,,,,,,,,,,,,,,,,,,,,,,,,,,,,,,,,,,,,,,,,,,,,,,,
,,,106,45.739,11473643,,,,,,,,,,,,,,,,,,,,,,,,,,,,,,,,,,,,,,,,,,,,,,,,,,,,,,,,,,,,,,,
,,,107,45.863,13281843,,,,,,,,,,,,,,,,,,,,,,,,,,,,,,,,,,,,,,,,,,,,,,,,,,,,,,,,,,,,,,,
,,,108,47.303,9106630,,,,,,,,,,,,,,,,,,,,,,,,,,,,,,,,,,,,,,,,,,,,,,,,,,,,,,,,,,,,,,,
,,,109,49.105,23549650,,,,,,,,,,,,,,,,,,,,,,,,,,,,,,,,,,,,,,,,,,,,,,,,,,,,,,,,,,,,,,,
,,,110,50.458,143108716,,,,,,,,,,,,,,,,,,,,,,,,,,,,,,,,,,,,,,,,,,,,,,,,,,,,,,,,,,,,,,,
,,,111,50.945,25283394,,,,,,,,,,,,,,,,,,,,,,,,,,,,,,,,,,,,,,,,,,,,,,,,,,,,,,,,,,,,,,,
,,,,,,,,,,,,MeJA shoots 1,MeJA shoots 2,MeJA shoots 3,,,,,,,,MeJA shoots 4,,,,,,,,,,,,,,,,,,,,,,,,,,,,,,,,,,,,,,,,,,,,,,
,,,,,,,,,,,,,,,,,,,,,,,,,,,,,,,,,,,,,,,,,,,,,,,,,,,,,,,,,,,,,,,,,,,,
,Ret Time,Area,,Ret Time,Area,,,,,,,Peak #,Peak #,Peak #,Ret Time,Type,Width,Area,Start Time,End Time,,Peak #,Ret Time,Type,Width,Area,Start Time,End Time,,,,,,,,,,,,,,,,,,,,,,,,,,,,,,,,,,,,,,,,
,1.822,26123123872,,1.824,23042714975,,,,,,,1,1,1,1.823,BV  ,0.023,24766688464,1.762,1.854,,1,1.822,BV  ,0.024,27542356913,1.768,1.855,,,,,,,,,,,,,,,,,,,,,,,,,,,,,,,,,,,,,,,,
,1.865,197915612745,,1.865,46035212086,,,,,,,2,2,2,1.862,VV  ,0.167,200131619277,1.854,3.852,,2,1.863,VV  ,0.165,202638391396,1.855,3.851,,,,,,,,,,,,,,,,,,,,,,,,,,,,,,,,,,,,,,,,
,3.886,11012645111,,1.945,151927456057,,,,,,,3,3,3,3.885,VB  ,0.304,11296353248,3.852,5.922,,3,3.885,VB  ,0.314,11582990834,3.851,5.963,,,,,,,,,,,,,,,,,,,,,,,,,,,,,,,,,,,,,,,,
,11.567,13813691,,3.886,11180504944,,,,,,,4,4,4,8.557,BB  ,0.073,31861750,8.464,8.797,,4,15.253,BB  ,0.064,7733134,15.153,15.363,,,,,,,,,,,,,,,,,,,,,,,,,,,,,,,,,,,,,,,,
,14.294,2619904,,8.543,8815312,,,,,,,5,5,5,11.615,BB  ,0.071,30881976,11.502,11.845,,5,15.589,BV  ,0.068,87395600,15.435,15.595,,,,,,,,,,,,,,,,,,,,,,,,,,,,,,,,,,,,,,,,
,15.612,287130166,,11.594,12674064,,,,,,,6,6,6,12.216,BB  ,0.062,39719475,12.095,12.422,,6,15.598,VV  ,0.045,57389923,15.595,15.668,,,,,,,,,,,,,,,,,,,,,,,,,,,,,,,,,,,,,,,,
,15.668,45513390,,12.172,1969055,,,,,,,7,7,7,12.982,BB  ,0.051,5955533,12.904,13.082,,7,15.673,VV  ,0.011,5033678,15.668,15.679,,,,,,,,,,,,,,,,,,,,,,,,,,,,,,,,,,,,,,,,
,16.019,30807463,,15.615,257879094,,,,,,,8,8,8,13.917,BB  ,0.06,10124624,13.824,14.049,,8,15.685,VB  ,0.058,27398722,15.679,15.908,,,,,,,,,,,,,,,,,,,,,,,,,,,,,,,,,,,,,,,,
,16.403,79873764,,15.673,41307200,,,,,,,9,9,9,14.342,BB  ,0.063,8902891,14.259,14.492,,9,16.035,BB  ,0.074,18057052,15.941,16.223,,,,,,,,,,,,,,,,,,,,,,,,,,,,,,,,,,,,,,,,
,17.078,4052382,,16.032,26821278,,,,,,,10,10,10,15.619,BV  ,0.114,269714226,15.345,15.714,,10,16.411,BV  ,0.044,18810928,16.265,16.416,,,,,,,,,,,,,,,,,,,,,,,,,,,,,,,,,,,,,,,,
,19.439,5503427,,16.413,72617327,,,,,,,11,11,11,15.725,VV  ,0.072,67535224,15.714,15.957,,11,16.42,VB  ,0.067,28269365,16.416,16.62,,,,,,,,,,,,,,,,,,,,,,,,,,,,,,,,,,,,,,,,
,19.534,4232160,,17.106,4144605,,,,,,,12,12,12,16.067,VV  ,0.084,28405981,15.957,16.167,,12,17.584,BB  ,0.046,8739664,17.5,17.698,,,,,,,,,,,,,,,,,,,,,,,,,,,,,,,,,,,,,,,,
,20.647,279686687,,18.146,4938965,,,,,,,13,13,13,16.176,VB  ,0.059,5348022,16.167,16.289,,13,18.265,BB  ,0.11,13536089,18.043,18.383,,,,,,,,,,,,,,,,,,,,,,,,,,,,,,,,,,,,,,,,
,21.268,4327996,,19.046,8692046,,,,,,,14,14,14,16.451,BV  ,0.103,76626843,16.305,16.709,,14,19.489,BV  ,0.046,16892586,19.393,19.534,,,,,,,,,,,,,,,,,,,,,,,,,,,,,,,,,,,,,,,,
,21.6,4065118,,19.186,13315109,,,,,,,15,15,15,17.129,BB  ,0.054,4467436,17.044,17.227,,15,19.569,VB  ,0.051,11250251,19.534,19.696,,,,,,,,,,,,,,,,,,,,,,,,,,,,,,,,,,,,,,,,
,22.006,4710363,,19.461,4308393,,,,,,,16,16,16,17.591,BB  ,0.091,8419687,17.455,17.722,,16,20.109,BB  ,0.067,5729761,19.991,20.223,,,,,,,,,,,,,,,,,,,,,,,,,,,,,,,,,,,,,,,,
,22.593,43235274,,19.551,3711986,,,,,,,17,17,17,18.372,BV  ,0.166,34701365,18.074,18.54,,17,20.73,BV  ,0.092,462873811,20.37,20.775,,,,,,,,,,,,,,,,,,,,,,,,,,,,,,,,,,,,,,,,
,23.381,23580820,,20.531,189591709,,,,,,,18,18,18,18.6,VB  ,0.059,9940386,18.54,18.714,,18,20.803,VB  ,0.03,3230627,20.775,20.868,,,,,,,,,,,,,,,,,,,,,,,,,,,,,,,,,,,,,,,,
,23.731,6309358,,20.576,3754108,,,,,,,19,19,19,18.9,BV  ,0.062,4899688,18.789,18.944,,19,21.046,BV  ,0.056,5223198,20.958,21.105,,,,,,,,,,,,,,,,,,,,,,,,,,,,,,,,,,,,,,,,
,24.174,11105228,,21.292,6859317,,,,,,,20,20,20,18.984,VV  ,0.05,6415297,18.944,19.042,,20,21.151,VB  ,0.051,3963648,21.105,21.245,,,,,,,,,,,,,,,,,,,,,,,,,,,,,,,,,,,,,,,,
,24.521,4384865,,22.616,59587092,,,,,,,21,21,21,19.202,VB  ,0.115,24238587,19.042,19.347,,21,21.319,BV  ,0.04,2641536,21.253,21.361,,,,,,,,,,,,,,,,,,,,,,,,,,,,,,,,,,,,,,,,
,25.14,6880361,,23.379,5814638,,,,,,,22,22,22,19.515,BV  ,0.055,9149636,19.4,19.565,,22,22.609,BV  ,0.044,23462761,22.445,22.657,,,,,,,,,,,,,,,,,,,,,,,,,,,,,,,,,,,,,,,,
,25.442,5963725,,23.699,13589373,,,,,,,23,23,23,19.614,VB  ,0.058,8172144,19.565,19.73,,23,23.443,BB  ,0.047,50649238,23.313,23.561,,,,,,,,,,,,,,,,,,,,,,,,,,,,,,,,,,,,,,,,
,25.655,19237247,,24.179,2526529,,,,,,,24,24,24,19.818,BV  ,0.059,5232512,19.73,19.862,,24,23.77,VB  ,0.066,16121754,23.664,23.861,,,,,,,,,,,,,,,,,,,,,,,,,,,,,,,,,,,,,,,,
,25.9,374839183,,24.326,10624789,,,,,,,25,25,25,19.987,VV  ,0.078,41931049,19.862,20.115,,25,24.226,BV  ,0.045,29465553,24.128,24.3,,,,,,,,,,,,,,,,,,,,,,,,,,,,,,,,,,,,,,,,
,26.555,21295790,,24.54,5582390,,,,,,,26,26,26,20.345,VV  ,0.09,81590543,20.115,20.399,,26,24.353,VB  ,0.044,12824002,24.3,24.466,,,,,,,,,,,,,,,,,,,,,,,,,,,,,,,,,,,,,,,,
,26.62,3572924,,24.652,3569809,,,,,,,27,27,27,20.594,VV  ,0.076,288524571,20.399,20.62,,27,25.039,BV  ,0.039,2784300,24.953,25.081,,,,,,,,,,,,,,,,,,,,,,,,,,,,,,,,,,,,,,,,
,26.71,6491848,,25.644,8178491,,,,,,,28,28,28,20.685,VV  ,0.098,41159521,20.62,20.885,,28,25.462,BV  ,0.034,6707357,25.375,25.506,,,,,,,,,,,,,,,,,,,,,,,,,,,,,,,,,,,,,,,,
,26.843,22136749,,25.916,393540395,,,,,,,29,29,29,21.026,PV  ,0.063,10400143,20.885,21.079,,29,25.552,PV  ,0.033,2173515,25.506,25.583,,,,,,,,,,,,,,,,,,,,,,,,,,,,,,,,,,,,,,,,
,27.046,6006238,,26.771,3680076,,,,,,,30,30,30,21.198,PV  ,0.053,3186426,21.079,21.25,,30,25.725,VV  ,0.06,100699709,25.583,25.758,,,,,,,,,,,,,,,,,,,,,,,,,,,,,,,,,,,,,,,,
,27.287,14003827,,27.069,3963087,,,,,,,31,31,31,21.356,PV  ,0.043,7833110,21.25,21.424,,31,25.923,VV  ,0.097,308706631,25.758,25.928,,,,,,,,,,,,,,,,,,,,,,,,,,,,,,,,,,,,,,,,
,27.435,3997202,,27.541,9312660,,,,,,,32,32,32,21.477,VB  ,0.051,1768921,21.424,21.512,,32,26.013,VV  ,0.062,361057231,25.928,26.051,,,,,,,,,,,,,,,,,,,,,,,,,,,,,,,,,,,,,,,,
,27.505,4787004,,27.613,11017561,,,,,,,33,33,33,21.707,BV  ,0.065,58257752,21.535,21.829,,33,26.271,BV  ,0.046,3811348,26.198,26.34,,,,,,,,,,,,,,,,,,,,,,,,,,,,,,,,,,,,,,,,
,27.582,7824236,,27.723,15447099,,,,,,,34,34,34,21.874,PB  ,0.065,5675672,21.829,21.975,,34,26.749,BV  ,0.065,49944820,26.54,26.851,,,,,,,,,,,,,,,,,,,,,,,,,,,,,,,,,,,,,,,,
,27.684,5732329,,27.769,5017164,,,,,,,35,35,35,22.125,BV  ,0.061,32844514,21.98,22.179,,35,27.545,BV  ,0.054,7197076,27.401,27.582,,,,,,,,,,,,,,,,,,,,,,,,,,,,,,,,,,,,,,,,
,28.748,12534015,,28.773,16098048,,,,,,,36,36,36,22.213,VV  ,0.034,3009968,22.179,22.264,,36,27.634,VV  ,0.056,7075327,27.582,27.685,,,,,,,,,,,,,,,,,,,,,,,,,,,,,,,,,,,,,,,,
,28.968,8628985,,29.884,7106782,,,,,,,37,37,37,22.426,BV  ,0.041,3430804,22.318,22.505,,37,27.727,VV  ,0.037,4309701,27.685,27.75,,,,,,,,,,,,,,,,,,,,,,,,,,,,,,,,,,,,,,,,
,29.86,5847811,,30.321,3885429,,,,,,,38,38,38,22.573,PV  ,0.044,6635043,22.505,22.593,,38,27.785,VB  ,0.044,8662365,27.75,27.87,,,,,,,,,,,,,,,,,,,,,,,,,,,,,,,,,,,,,,,,
,30.31,9194467,,31.7,26089594,,,,,,,39,39,39,22.654,VV  ,0.044,21856766,22.593,22.707,,39,28.794,BV  ,0.037,20016543,28.695,28.84,,,,,,,,,,,,,,,,,,,,,,,,,,,,,,,,,,,,,,,,
,30.732,3439555,,31.889,6710975,,,,,,,40,40,40,23.32,PV  ,0.059,7359653,23.238,23.388,,40,29.013,BB  ,0.044,13119338,28.923,29.125,,,,,,,,,,,,,,,,,,,,,,,,,,,,,,,,,,,,,,,,
,31.681,23234688,,32.202,6562143,,,,,,,41,41,41,23.458,VV  ,0.056,24571705,23.388,23.568,,41,29.912,VB  ,0.041,12348916,29.841,29.99,,,,,,,,,,,,,,,,,,,,,,,,,,,,,,,,,,,,,,,,
,31.879,8754086,,32.304,13495392,,,,,,,42,42,42,23.813,VV  ,0.091,25074978,23.701,24.005,,42,30.338,VB  ,0.038,5618268,30.288,30.408,,,,,,,,,,,,,,,,,,,,,,,,,,,,,,,,,,,,,,,,
,32.177,4568961,,33.386,18624934,,,,,,,43,43,43,24.15,VV  ,0.061,10143229,24.005,24.197,,43,30.776,BB  ,0.04,5948089,30.69,30.825,,,,,,,,,,,,,,,,,,,,,,,,,,,,,,,,,,,,,,,,
,32.272,9858727,,34.418,12929872,,,,,,,44,44,44,24.255,VV  ,0.051,14143583,24.197,24.295,,44,31.142,BB  ,0.035,3572974,31.073,31.203,,,,,,,,,,,,,,,,,,,,,,,,,,,,,,,,,,,,,,,,
,33.116,5264160,,34.625,12630686,,,,,,,45,45,45,24.341,VV  ,0.048,7945167,24.295,24.36,,45,31.466,BB  ,0.038,3774271,31.41,31.548,,,,,,,,,,,,,,,,,,,,,,,,,,,,,,,,,,,,,,,,
,33.352,16023032,,34.719,7718501,,,,,,,46,46,46,24.388,VV  ,0.063,12919239,24.36,24.503,,46,31.73,BB  ,0.046,37763959,31.606,31.838,,,,,,,,,,,,,,,,,,,,,,,,,,,,,,,,,,,,,,,,
,34.418,30492264,,34.966,3048629,,,,,,,47,47,47,24.6,VV  ,0.05,10322411,24.545,24.681,,47,31.911,BV  ,0.041,6307482,31.845,31.939,,,,,,,,,,,,,,,,,,,,,,,,,,,,,,,,,,,,,,,,
,34.611,16658606,,35.511,11315618,,,,,,,48,48,48,24.727,VV  ,0.054,5228629,24.681,24.801,,48,32,VB  ,0.044,13732173,31.939,32.065,,,,,,,,,,,,,,,,,,,,,,,,,,,,,,,,,,,,,,,,
,34.709,26070417,,36.64,15791318,,,,,,,49,49,49,25.277,VV  ,0.075,53309395,25.135,25.396,,49,32.229,BV  ,0.04,8112674,32.135,32.27,,,,,,,,,,,,,,,,,,,,,,,,,,,,,,,,,,,,,,,,
,35.13,8450011,,37.193,26752713,,,,,,,50,50,50,25.572,VV  ,0.062,24307450,25.396,25.626,,50,32.323,VV  ,0.043,13054489,32.27,32.396,,,,,,,,,,,,,,,,,,,,,,,,,,,,,,,,,,,,,,,,
,35.49,6819680,,37.611,8138930,,,,,,,51,51,51,25.725,VV  ,0.059,57676274,25.626,25.761,,51,32.727,BB  ,0.04,5021625,32.645,32.786,,,,,,,,,,,,,,,,,,,,,,,,,,,,,,,,,,,,,,,,
,36.62,15899680,,38.751,22721008,,,,,,,52,52,52,25.997,VV  ,0.1,526383251,25.761,26.045,,52,34.439,VV  ,0.058,17513988,34.32,34.528,,,,,,,,,,,,,,,,,,,,,,,,,,,,,,,,,,,,,,,,
,36.959,4074211,,39.157,148359697,,,,,,,53,53,53,26.285,VV  ,0.056,6866129,26.228,26.343,,53,34.64,PV  ,0.05,12940243,34.528,34.688,,,,,,,,,,,,,,,,,,,,,,,,,,,,,,,,,,,,,,,,
,37.192,46911418,,39.604,15364004,,,,,,,54,54,54,26.648,VV  ,0.057,30574025,26.531,26.69,,54,34.744,VB  ,0.052,12622582,34.688,34.846,,,,,,,,,,,,,,,,,,,,,,,,,,,,,,,,,,,,,,,,
,37.582,3878096,,39.887,160064883,,,,,,,55,55,55,26.756,VV  ,0.07,27242361,26.69,26.818,,55,35.067,VB  ,0.062,6613183,35.013,35.186,,,,,,,,,,,,,,,,,,,,,,,,,,,,,,,,,,,,,,,,
,38.536,19755674,,39.975,8487640,,,,,,,56,56,56,26.94,VV  ,0.047,29942852,26.851,27.041,,56,35.543,BB  ,0.055,18721536,35.39,35.681,,,,,,,,,,,,,,,,,,,,,,,,,,,,,,,,,,,,,,,,
,38.727,21948001,,40.127,14488820,,,,,,,57,57,57,27.123,VV  ,0.046,6556914,27.041,27.172,,57,36.041,BB  ,0.045,3346218,35.985,36.113,,,,,,,,,,,,,,,,,,,,,,,,,,,,,,,,,,,,,,,,
,39.125,136721784,,40.484,20761449,,,,,,,58,58,58,27.4,PV  ,0.053,44189037,27.298,27.455,,58,36.645,BB  ,0.048,4680625,36.558,36.738,,,,,,,,,,,,,,,,,,,,,,,,,,,,,,,,,,,,,,,,
,39.599,22261556,,43.071,5031637,,,,,,,59,59,59,27.583,BV  ,0.053,7387972,27.491,27.619,,59,37.001,BB  ,0.054,7731338,36.905,37.091,,,,,,,,,,,,,,,,,,,,,,,,,,,,,,,,,,,,,,,,
,39.877,192609245,,45.995,8942318,,,,,,,60,60,60,27.666,VV  ,0.048,6996893,27.619,27.709,,60,37.221,BB  ,0.053,35970815,37.098,37.295,,,,,,,,,,,,,,,,,,,,,,,,,,,,,,,,,,,,,,,,
,39.961,7184008,,46.888,6539808,,,,,,,61,61,61,27.767,VV  ,0.046,8735215,27.709,27.798,,61,37.624,BB  ,0.043,3913010,37.525,37.688,,,,,,,,,,,,,,,,,,,,,,,,,,,,,,,,,,,,,,,,
,40.074,6883275,,50.305,48636354,,,,,,,62,62,62,27.824,VV  ,0.045,6593902,27.798,27.911,,62,38.767,VB  ,0.061,16657215,38.658,38.863,,,,,,,,,,,,,,,,,,,,,,,,,,,,,,,,,,,,,,,,
,40.257,6758561,,50.334,16475636,,,,,,,63,63,63,28.817,BV  ,0.05,9838385,28.705,28.867,,63,39.18,BV  ,0.069,141355607,38.936,39.216,,,,,,,,,,,,,,,,,,,,,,,,,,,,,,,,,,,,,,,,
,40.27,3904554,,50.853,12012592,,,,,,,64,64,64,28.909,VV  ,0.044,7940819,28.867,28.981,,64,39.622,BV  ,0.059,13041040,39.528,39.73,,,,,,,,,,,,,,,,,,,,,,,,,,,,,,,,,,,,,,,,
,40.446,49769789,,,,,,,,,,65,,65,29.044,VV  ,0.051,10294156,28.981,29.123,,65,39.915,VV  ,0.071,161902879,39.73,39.963,,,,,,,,,,,,,,,,,,,,,,,,,,,,,,,,,,,,,,,,
,40.617,3768928,,,,,,,,,,66,,66,29.444,PV  ,0.05,16052452,29.348,29.501,,66,40,VV  ,0.042,8534458,39.963,40.051,,,,,,,,,,,,,,,,,,,,,,,,,,,,,,,,,,,,,,,,
,41.194,4829416,,,,,,,,,,67,,67,29.939,VV  ,0.054,12387598,29.878,30.051,,67,40.312,BV  ,0.063,9071382,40.21,40.38,,,,,,,,,,,,,,,,,,,,,,,,,,,,,,,,,,,,,,,,
,44.391,7482552,,,,,,,,,,68,,68,30.386,VV  ,0.057,15042942,30.158,30.458,,68,40.483,VB  ,0.061,16469597,40.38,40.58,,,,,,,,,,,,,,,,,,,,,,,,,,,,,,,,,,,,,,,,
,46.832,5889470,,,,,,,,,,69,,69,30.589,VV  ,0.045,5034646,30.541,30.663,,69,44.448,BB  ,0.066,7334422,44.335,44.551,,,,,,,,,,,,,,,,,,,,,,,,,,,,,,,,,,,,,,,,
,50.176,31169224,,,,,,,,,,70,,70,30.809,PV  ,0.062,5974145,30.663,30.859,,70,50.16,BV  ,0.095,22186012,49.879,50.189,,,,,,,,,,,,,,,,,,,,,,,,,,,,,,,,,,,,,,,,
,50.237,34525131,,,,,,,,,,71,,71,31.746,PV  ,0.055,19744478,31.645,31.797,,71,50.319,VV  ,0.11,47705444,50.189,50.482,,,,,,,,,,,,,,,,,,,,,,,,,,,,,,,,,,,,,,,,
,51.187,17669924,,,,,,,,,,72,,72,31.81,VV  ,0.044,3976122,31.797,31.864,,,,,,,,,,,,,,,,,,,,,,,,,,,,,,,,,,,,,,,,,,,,,,,,
,,,,,,,,,,,,,,73,31.955,VV  ,0.066,21862681,31.883,32.051,,,,,,,,,,,,,,,,,,,,,,,,,,,,,,,,,,,,,,,,,,,,,,,,
,,,,,,,,,,,,,,74,32.262,PV  ,0.041,6959934,32.178,32.286,,,,,,,,,,,,,,,,,,,,,,,,,,,,,,,,,,,,,,,,,,,,,,,,
,,,,,,,,,,,,,,75,32.355,VV  ,0.057,23511669,32.286,32.433,,,,,,,,,,,,,,,,,,,,,,,,,,,,,,,,,,,,,,,,,,,,,,,,
,,,,,,,,,,,,,,76,32.947,VV  ,0.082,8198549,32.822,33.022,,,,,,,,,,,,,,,,,,,,,,,,,,,,,,,,,,,,,,,,,,,,,,,,
,,,,,,,,,,,,,,77,33.195,PV  ,0.067,13496705,33.022,33.261,,,,,,,,,,,,,,,,,,,,,,,,,,,,,,,,,,,,,,,,,,,,,,,,
,,,,,,,,,,,,,,78,33.501,VV  ,0.076,53129588,33.261,33.535,,,,,,,,,,,,,,,,,,,,,,,,,,,,,,,,,,,,,,,,,,,,,,,,
,,,,,,,,,,,,,,79,33.592,VV  ,0.067,5771314,33.535,33.68,,,,,,,,,,,,,,,,,,,,,,,,,,,,,,,,,,,,,,,,,,,,,,,,
,,,,,,,,,,,,,,80,34.523,PV  ,0.059,44179154,34.392,34.603,,,,,,,,,,,,,,,,,,,,,,,,,,,,,,,,,,,,,,,,,,,,,,,,
,,,,,,,,,,,,,,81,34.698,VV  ,0.051,15865617,34.603,34.731,,,,,,,,,,,,,,,,,,,,,,,,,,,,,,,,,,,,,,,,,,,,,,,,
,,,,,,,,,,,,,,82,34.8,VV  ,0.061,39975785,34.731,34.888,,,,,,,,,,,,,,,,,,,,,,,,,,,,,,,,,,,,,,,,,,,,,,,,
,,,,,,,,,,,,,,83,34.974,PV  ,0.051,3675751,34.888,35.018,,,,,,,,,,,,,,,,,,,,,,,,,,,,,,,,,,,,,,,,,,,,,,,,
,,,,,,,,,,,,,,84,35.221,BV  ,0.06,11464742,35.118,35.271,,,,,,,,,,,,,,,,,,,,,,,,,,,,,,,,,,,,,,,,,,,,,,,,
,,,,,,,,,,,,,,85,35.598,VV  ,0.066,13511273,35.525,35.722,,,,,,,,,,,,,,,,,,,,,,,,,,,,,,,,,,,,,,,,,,,,,,,,
,,,,,,,,,,,,,,86,35.812,PV  ,0.065,5995395,35.722,35.868,,,,,,,,,,,,,,,,,,,,,,,,,,,,,,,,,,,,,,,,,,,,,,,,
,,,,,,,,,,,,,,87,35.97,VV  ,0.065,6537921,35.924,36.037,,,,,,,,,,,,,,,,,,,,,,,,,,,,,,,,,,,,,,,,,,,,,,,,
,,,,,,,,,,,,,,88,36.263,VV  ,0.052,5670851,36.205,36.337,,,,,,,,,,,,,,,,,,,,,,,,,,,,,,,,,,,,,,,,,,,,,,,,
,,,,,,,,,,,,,,89,36.701,PV  ,0.061,13243351,36.601,36.758,,,,,,,,,,,,,,,,,,,,,,,,,,,,,,,,,,,,,,,,,,,,,,,,
,,,,,,,,,,,,,,90,37.258,PV  ,0.054,37183166,37.145,37.331,,,,,,,,,,,,,,,,,,,,,,,,,,,,,,,,,,,,,,,,,,,,,,,,
,,,,,,,,,,,,,,91,37.666,VV  ,0.054,10162196,37.605,37.734,,,,,,,,,,,,,,,,,,,,,,,,,,,,,,,,,,,,,,,,,,,,,,,,
,,,,,,,,,,,,,,92,37.983,VV  ,0.063,5110201,37.898,38.023,,,,,,,,,,,,,,,,,,,,,,,,,,,,,,,,,,,,,,,,,,,,,,,,
,,,,,,,,,,,,,,93,38.051,VV  ,0.055,4545275,38.023,38.17,,,,,,,,,,,,,,,,,,,,,,,,,,,,,,,,,,,,,,,,,,,,,,,,
,,,,,,,,,,,,,,94,38.625,VV  ,0.068,27894389,38.52,38.727,,,,,,,,,,,,,,,,,,,,,,,,,,,,,,,,,,,,,,,,,,,,,,,,
,,,,,,,,,,,,,,95,38.83,VV  ,0.065,30225100,38.727,38.911,,,,,,,,,,,,,,,,,,,,,,,,,,,,,,,,,,,,,,,,,,,,,,,,
,,,,,,,,,,,,,,96,39.234,PV  ,0.085,205087857,39.015,39.276,,,,,,,,,,,,,,,,,,,,,,,,,,,,,,,,,,,,,,,,,,,,,,,,
,,,,,,,,,,,,,,97,39.324,VV  ,0.041,3686323,39.276,39.368,,,,,,,,,,,,,,,,,,,,,,,,,,,,,,,,,,,,,,,,,,,,,,,,
,,,,,,,,,,,,,,98,39.517,VV  ,0.097,8175118,39.368,39.591,,,,,,,,,,,,,,,,,,,,,,,,,,,,,,,,,,,,,,,,,,,,,,,,
,,,,,,,,,,,,,,99,39.682,VV  ,0.058,38571119,39.591,39.771,,,,,,,,,,,,,,,,,,,,,,,,,,,,,,,,,,,,,,,,,,,,,,,,
,,,,,,,,,,,,,,100,39.975,VV  ,0.087,225293520,39.771,40.018,,,,,,,,,,,,,,,,,,,,,,,,,,,,,,,,,,,,,,,,,,,,,,,,
,,,,,,,,,,,,,,101,40.064,VV  ,0.048,22579916,40.018,40.107,,,,,,,,,,,,,,,,,,,,,,,,,,,,,,,,,,,,,,,,,,,,,,,,
,,,,,,,,,,,,,,102,40.164,VV  ,0.064,22532806,40.107,40.215,,,,,,,,,,,,,,,,,,,,,,,,,,,,,,,,,,,,,,,,,,,,,,,,
,,,,,,,,,,,,,,103,40.31,VV  ,0.071,22273624,40.215,40.328,,,,,,,,,,,,,,,,,,,,,,,,,,,,,,,,,,,,,,,,,,,,,,,,
,,,,,,,,,,,,,,104,40.361,VV  ,0.064,23031940,40.328,40.468,,,,,,,,,,,,,,,,,,,,,,,,,,,,,,,,,,,,,,,,,,,,,,,,
,,,,,,,,,,,,,,105,40.556,VV  ,0.061,29512181,40.468,40.651,,,,,,,,,,,,,,,,,,,,,,,,,,,,,,,,,,,,,,,,,,,,,,,,
,,,,,,,,,,,,,,106,40.707,PB  ,0.034,3296645,40.651,40.755,,,,,,,,,,,,,,,,,,,,,,,,,,,,,,,,,,,,,,,,,,,,,,,,
,,,,,,,,,,,,,,107,41.171,BV  ,0.067,6425410,41.011,41.218,,,,,,,,,,,,,,,,,,,,,,,,,,,,,,,,,,,,,,,,,,,,,,,,
,,,,,,,,,,,,,,108,41.279,VV  ,0.088,12649868,41.218,41.428,,,,,,,,,,,,,,,,,,,,,,,,,,,,,,,,,,,,,,,,,,,,,,,,
,,,,,,,,,,,,,,109,41.923,BV  ,0.063,6602822,41.768,41.984,,,,,,,,,,,,,,,,,,,,,,,,,,,,,,,,,,,,,,,,,,,,,,,,
,,,,,,,,,,,,,,110,42.853,BV  ,0.073,7471875,42.718,42.928,,,,,,,,,,,,,,,,,,,,,,,,,,,,,,,,,,,,,,,,,,,,,,,,
,,,,,,,,,,,,,,111,44.5,BB  ,0.06,13623071,44.228,44.621,,,,,,,,,,,,,,,,,,,,,,,,,,,,,,,,,,,,,,,,,,,,,,,,
,,,,,,,,,,,,,,112,50.438,BV  ,0.168,109036600,49.935,50.548,,,,,,,,,,,,,,,,,,,,,,,,,,,,,,,,,,,,,,,,,,,,,,,,
,,,,,,,,,,,,,,113,50.633,VV  ,0.137,18999760,50.548,50.778,,,,,,,,,,,,,,,,,,,,,,,,,,,,,,,,,,,,,,,,,,,,,,,,
,,,,,,,,,,,,,,114,50.969,VV  ,0.142,27850030,50.778,51.175,,,,,,,,,,,,,,,,,,,,,,,,,,,,,,,,,,,,,,,,,,,,,,,,
,,,,,,,,,,,,,,115,51.377,VB  ,0.111,13888840,51.175,51.538,,,,,,,,,,,,,,,,,,,,,,,,,,,,,,,,,,,,,,,,,,,,,,,,
,,,,,,,,,,,,,,,,,,,,,,,,,,,,,,,,,,,,,,,,,,,,,,,,,,,,,,,,,,,,,,,,,,,,
,,,,,,,,,,,,,,,,,,,,,,,,,,,,,,,,,,,,,,,,,,,,,,,,,,,,,,,,,,,,,,,,,,,,
,,,,,,,,,,,,,,,,1.81161665E7,,,,,,,,,,,,,,,,,,,,,,,,,,,,,,,,,,,,,,,,,,,,,,,,,,,,
,,,,,,,,,,,,,,,,,,,,,,,,,,,,,,,,,,,,,,,,,,,,,,,,,,,,,,,,,,,,,,,,,,,,
,,,,,,,,,,,,,,,,1.81161665E7,,,,,,,,,,,,,,,,,,,,,,,,,,,,,,,,,,,,,,,,,,,,,,,,,,,,
,,,,,,,,,,,,,,,,,,,,,,,,,,,,,Control roots 1,Control roots 2,Control roots 3,Control roots 4,,,,,,,,,,,,,,,,,,,,,,,,,,,,,,,,,,,,
,,,,,,,,,,,,,,,,,,,,,,,,,,,,,,,,,,,,,,,,,,,,,,,,,,,,,,,,,,,,,,,,,,,,
,Ret Time,Area,,Ret Time,Area,,,,,,,,,,Ret Time,Type,Width,Area,Start Time,End Time,,,,,,,,,Peak #,Peak #,Peak #,Peak #,Ret Time,Type,Width,Area,Start Time,End Time,,,,,,,,,,,,,,,,,,,,,,,,,,,,,,
,1.822,25716353033,,1.823,23292932239,,,,,,,,,,1.822,BV  ,0.024,25516738459,1.76,1.855,,,,,,,,,1,1,1,1,1.821,BV  ,0.024,26047244310,1.761,1.854,,,,,,,,,,,,,,,,,,,,,,,,,,,,,,
,1.862,201080653395,,1.859,204036983550,,,,,,,,,,1.863,VV  ,0.171,203246970255,1.855,3.852,,,,,,,,,2,2,2,2,1.862,VV  ,0.175,203766337485,1.854,3.851,,,,,,,,,,,,,,,,,,,,,,,,,,,,,,
,3.886,11474495357,,3.886,11385291711,,,,,,,,,,3.885,VB  ,0.306,11098631364,3.852,5.944,,,,,,,,,3,3,3,3,3.886,VB  ,0.306,11615279207,3.851,5.955,,,,,,,,,,,,,,,,,,,,,,,,,,,,,,
,15.241,15513250,,14.102,32156066,,,,,,,,,,12.553,BB  ,0.051,3190725,12.454,12.61,,,,,,,,,4,4,4,4,15.554,BV  ,0.089,26551492,15.438,15.645,,,,,,,,,,,,,,,,,,,,,,,,,,,,,,
,15.566,2064477,,15.295,45080815,,,,,,,,,,15.27,BB  ,0.067,14869072,15.167,15.429,,,,,,,,,5,5,5,5,15.667,VB  ,0.045,9353108,15.645,15.78,,,,,,,,,,,,,,,,,,,,,,,,,,,,,,
,17.326,12875250,,15.569,32652709,,,,,,,,,,15.556,BB  ,0.067,6689583,15.454,15.654,,,,,,,,,6,6,6,6,16.398,BB  ,0.065,3054857,16.305,16.465,,,,,,,,,,,,,,,,,,,,,,,,,,,,,,
,18.198,29042281,,15.686,15226105,,,,,,,,,,17.342,BB  ,0.046,7629036,17.262,17.444,,,,,,,,,7,7,7,7,17.329,BV  ,0.053,15145833,17.236,17.458,,,,,,,,,,,,,,,,,,,,,,,,,,,,,,
,20.737,559699437,,16.423,2504758,,,,,,,,,,20.107,BB  ,0.046,4612712,20.03,20.19,,,,,,,,,8,8,8,8,20.098,BV  ,0.042,3491623,20.013,20.155,,,,,,,,,,,,,,,,,,,,,,,,,,,,,,
,21.215,2970104,,17.345,18255339,,,,,,,,,,20.626,BV  ,0.087,440402717,20.349,20.645,,,,,,,,,9,9,9,9,20.72,BB  ,0.088,457558490,20.371,20.86,,,,,,,,,,,,,,,,,,,,,,,,,,,,,,
,21.451,225655828,,18.247,36273461,,,,,,,,,,20.651,VV  ,0.019,4898256,20.645,20.692,,,,,,,,,10,10,10,10,21.381,BV  ,0.051,82982309,21.14,21.42,,,,,,,,,,,,,,,,,,,,,,,,,,,,,,
,21.508,10678238,,20.615,395164206,,,,,,,,,,21.392,BV  ,0.047,67432001,21.269,21.43,,,,,,,,,11,11,11,11,22.584,BV  ,0.044,13484237,22.44,22.648,,,,,,,,,,,,,,,,,,,,,,,,,,,,,,
,22.585,8570573,,20.643,5456016,,,,,,,,,,22.595,BB  ,0.047,8913120,22.465,22.67,,,,,,,,,12,12,12,12,23.111,BV  ,0.051,3839716,23.02,23.165,,,,,,,,,,,,,,,,,,,,,,,,,,,,,,
,23.283,35351213,,21.434,174871410,,,,,,,,,,23.798,BB  ,0.055,24730714,23.687,23.935,,,,,,,,,13,13,13,13,23.214,VB  ,0.049,4983873,23.165,23.295,,,,,,,,,,,,,,,,,,,,,,,,,,,,,,
,23.851,74691633,,21.514,31471696,,,,,,,,,,24.567,BV  ,0.043,5657533,24.484,24.632,,,,,,,,,14,14,14,14,23.756,BB  ,0.058,12657541,23.591,23.885,,,,,,,,,,,,,,,,,,,,,,,,,,,,,,
,24.201,1309266,,21.924,7089984,,,,,,,,,,25.883,BV  ,0.082,202494567,25.665,25.886,,,,,,,,,15,15,15,15,24.558,BV  ,0.039,13723479,24.46,24.633,,,,,,,,,,,,,,,,,,,,,,,,,,,,,,
,24.576,23219348,,22.611,13891856,,,,,,,,,,25.949,VV  ,0.044,204099140,25.886,25.955,,,,,,,,,16,16,16,16,25.985,BB  ,0.107,636402609,25.603,26.04,,,,,,,,,,,,,,,,,,,,,,,,,,,,,,
,24.688,3183203,,23.286,18865374,,,,,,,,,,25.97,VV  ,0.024,114826133,25.955,25.985,,,,,,,,,17,17,17,17,27.186,BV  ,0.054,7563478,27.085,27.268,,,,,,,,,,,,,,,,,,,,,,,,,,,,,,
,25.098,11262088,,23.713,3948817,,,,,,,,,,26.034,VV  ,0.037,251859002,25.985,26.042,,,,,,,,,18,18,18,18,27.821,BV  ,0.104,261285150,27.5,27.842,,,,,,,,,,,,,,,,,,,,,,,,,,,,,,
,25.971,557891555,,23.867,61540747,,,,,,,,,,26.057,VV  ,0.02,103535364,26.042,26.062,,,,,,,,,19,19,19,19,27.896,VB  ,0.037,71610669,27.842,27.97,,,,,,,,,,,,,,,,,,,,,,,,,,,,,,
,26.012,192613679,,24.222,1518045,,,,,,,,,,26.076,VB  ,0.02,116705786,26.062,26.122,,,,,,,,,20,20,20,20,28.252,BV  ,0.032,5870714,28.156,28.293,,,,,,,,,,,,,,,,,,,,,,,,,,,,,,
,27.177,6079534,,24.591,15860111,,,,,,,,,,27.109,BV  ,0.035,2353546,27.035,27.145,,,,,,,,,21,21,21,21,28.509,BV  ,0.049,10463333,28.395,28.563,,,,,,,,,,,,,,,,,,,,,,,,,,,,,,
,27.812,241309812,,25.13,14011362,,,,,,,,,,27.683,BV  ,0.054,39346236,27.544,27.718,,,,,,,,,22,22,22,22,28.637,PB  ,0.041,3476586,28.563,28.706,,,,,,,,,,,,,,,,,,,,,,,,,,,,,,
,27.904,98278033,,25.545,6032154,,,,,,,,,,27.775,VV  ,0.037,16092515,27.718,27.801,,,,,,,,,23,23,23,23,28.846,BV  ,0.058,10887386,28.706,28.885,,,,,,,,,,,,,,,,,,,,,,,,,,,,,,
,28.248,3793454,,26.017,673044562,,,,,,,,,,27.824,VB  ,0.035,6271961,27.801,27.9,,,,,,,,,24,24,24,24,28.93,VV  ,0.038,8658163,28.885,28.98,,,,,,,,,,,,,,,,,,,,,,,,,,,,,,
,28.496,5790552,,26.038,123344586,,,,,,,,,,28.633,BB  ,0.043,3132123,28.564,28.697,,,,,,,,,25,25,25,25,29.905,BB  ,0.037,9807899,29.813,29.976,,,,,,,,,,,,,,,,,,,,,,,,,,,,,,
,28.64,7690459,,27.255,9201359,,,,,,,,,,28.857,BV  ,0.06,11653054,28.717,28.893,,,,,,,,,26,26,26,26,30.917,BV  ,0.045,23414793,30.801,30.963,,,,,,,,,,,,,,,,,,,,,,,,,,,,,,
,28.88,30836916,,27.914,442751319,,,,,,,,,,28.945,VV  ,0.039,10383497,28.893,28.992,,,,,,,,,27,27,27,27,32.207,BV  ,0.041,5896841,32.115,32.253,,,,,,,,,,,,,,,,,,,,,,,,,,,,,,
,28.979,28266157,,27.961,50386674,,,,,,,,,,29.914,BB  ,0.039,6590183,29.835,29.969,,,,,,,,,28,28,28,28,32.3,VB  ,0.037,3296036,32.253,32.363,,,,,,,,,,,,,,,,,,,,,,,,,,,,,,
,29.904,10624736,,28.312,15034466,,,,,,,,,,30.928,BB  ,0.042,18157778,30.82,30.984,,,,,,,,,29,29,29,29,32.713,BB  ,0.04,5739346,32.641,32.79,,,,,,,,,,,,,,,,,,,,,,,,,,,,,,
,30.905,17137170,,28.586,30866533,,,,,,,,,,31.908,BB  ,0.037,3207912,31.839,31.975,,,,,,,,,30,30,30,30,34.265,BV  ,0.045,8352967,34.17,34.32,,,,,,,,,,,,,,,,,,,,,,,,,,,,,,
,31.887,4403675,,28.701,8839523,,,,,,,,,,32.227,BV  ,0.046,7212391,32.145,32.274,,,,,,,,,31,31,31,31,34.44,VB  ,0.043,4141841,34.403,34.513,,,,,,,,,,,,,,,,,,,,,,,,,,,,,,
,32.213,9876861,,28.909,25484691,,,,,,,,,,32.324,VB  ,0.041,4736030,32.274,32.395,,,,,,,,,32,32,32,32,34.745,VB  ,0.049,28190523,34.664,34.851,,,,,,,,,,,,,,,,,,,,,,,,,,,,,,
,32.303,5976504,,29.001,19306456,,,,,,,,,,32.73,BB  ,0.046,3684998,32.582,32.789,,,,,,,,,33,33,33,33,35.049,BB  ,0.05,4946092,34.961,35.148,,,,,,,,,,,,,,,,,,,,,,,,,,,,,,
,32.714,5671423,,29.924,8217676,,,,,,,,,,33.021,BB  ,0.041,4746328,32.935,33.094,,,,,,,,,34,34,34,34,35.521,BB  ,0.048,17137309,35.37,35.651,,,,,,,,,,,,,,,,,,,,,,,,,,,,,,
,33.001,8494464,,30.943,24529904,,,,,,,,,,34.296,BV  ,0.057,13255382,34.19,34.349,,,,,,,,,35,35,35,35,38.783,BV  ,0.087,70115799,38.601,38.95,,,,,,,,,,,,,,,,,,,,,,,,,,,,,,
,33.776,3621085,,31.924,14648302,,,,,,,,,,34.396,VV  ,0.053,5603367,34.349,34.43,,,,,,,,,36,36,36,36,39.161,VV  ,0.086,140294118,38.95,39.168,,,,,,,,,,,,,,,,,,,,,,,,,,,,,,
,34.267,13593144,,32.235,8249505,,,,,,,,,,34.468,VB  ,0.048,5353758,34.43,34.542,,,,,,,,,37,37,37,37,39.189,VV  ,0.022,43809923,39.168,39.193,,,,,,,,,,,,,,,,,,,,,,,,,,,,,,
,34.367,5558169,,32.328,5503434,,,,,,,,,,34.792,BB  ,0.056,47155249,34.575,34.965,,,,,,,,,38,38,38,38,39.228,VV  ,0.033,105650177,39.193,39.241,,,,,,,,,,,,,,,,,,,,,,,,,,,,,,
,34.432,5679230,,32.736,3251334,,,,,,,,,,35.078,BB  ,0.052,6647716,34.967,35.182,,,,,,,,,39,39,39,39,39.286,VV  ,0.036,146988189,39.241,39.307,,,,,,,,,,,,,,,,,,,,,,,,,,,,,,
,34.766,52947408,,33.029,6868294,,,,,,,,,,35.551,BB  ,0.054,20812538,35.407,35.68,,,,,,,,,40,40,40,40,39.33,VB  ,0.028,3828094,39.307,39.38,,,,,,,,,,,,,,,,,,,,,,,,,,,,,,
,35.051,7200929,,34.303,15189902,,,,,,,,,,38.807,BB  ,0.081,54123820,38.6,38.924,,,,,,,,,41,41,41,41,39.528,BV  ,0.047,11069333,39.391,39.566,,,,,,,,,,,,,,,,,,,,,,,,,,,,,,
,35.531,25270466,,34.399,6099126,,,,,,,,,,39.278,BV  ,0.106,376753598,38.964,39.316,,,,,,,,,42,42,42,42,39.608,VV  ,0.052,6537937,39.566,39.65,,,,,,,,,,,,,,,,,,,,,,,,,,,,,,
,38.767,32587028,,34.471,5641965,,,,,,,,,,39.34,VB  ,0.034,3358438,39.316,39.392,,,,,,,,,43,43,43,43,39.665,VV  ,0.033,3325914,39.65,39.719,,,,,,,,,,,,,,,,,,,,,,,,,,,,,,
,38.786,49463655,,34.8,52534813,,,,,,,,,,39.541,BV  ,0.054,7855957,39.4,39.579,,,,,,,,,44,44,44,44,39.935,PV  ,0.077,195118841,39.719,39.968,,,,,,,,,,,,,,,,,,,,,,,,,,,,,,
,39.2,220301737,,35.088,6644734,,,,,,,,,,39.62,VV  ,0.048,4868289,39.579,39.659,,,,,,,,,45,45,45,45,40.021,VV  ,0.036,11740535,39.968,40.076,,,,,,,,,,,,,,,,,,,,,,,,,,,,,,
,39.276,191225172,,35.556,22662899,,,,,,,,,,39.686,VV  ,0.044,4365009,39.659,39.737,,,,,,,,,46,46,46,46,40.204,VV  ,0.044,3290146,40.108,40.216,,,,,,,,,,,,,,,,,,,,,,,,,,,,,,
,39.299,81735880,,38.797,33185177,,,,,,,,,,39.926,PV  ,0.064,125152588,39.737,39.955,,,,,,,,,47,47,47,47,40.25,VV  ,0.033,2668885,40.216,40.268,,,,,,,,,,,,,,,,,,,,,,,,,,,,,,
,39.317,59546470,,38.81,6894529,,,,,,,,,,40.017,VV  ,0.05,13259894,39.955,40.074,,,,,,,,,48,48,48,48,40.273,VV  ,0.01,207043,40.268,40.286,,,,,,,,,,,,,,,,,,,,,,,,,,,,,,
,39.54,3947248,,38.824,9156390,,,,,,,,,,40.182,VV  ,0.063,25122093,40.074,40.232,,,,,,,,,49,49,49,49,45.049,BB  ,0.067,7456689,44.936,45.165,,,,,,,,,,,,,,,,,,,,,,,,,,,,,,
,39.682,13654527,,38.837,46947772,,,,,,,,,,40.272,VV  ,0.063,8850130,40.232,40.3,,,,,,,,,50,50,50,50,48.202,BB  ,0.182,34926663,47.78,48.396,,,,,,,,,,,,,,,,,,,,,,,,,,,,,,
,39.943,182298853,,39.241,242243013,,,,,,,,,,40.311,VV  ,0.028,4340275,40.3,40.334,,,,,,,,,51,51,51,51,50.337,BB  ,0.141,81147217,49.99,50.573,,,,,,,,,,,,,,,,,,,,,,,,,,,,,,
,39.965,63311385,,39.362,374430663,,,,,,,,,,40.419,VB  ,0.118,33473086,40.334,40.6,,,,,,,,,52,52,52,52,50.867,BB  ,0.11,11920280,50.695,51.043,,,,,,,,,,,,,,,,,,,,,,,,,,,,,,
,40.041,25020509,,39.391,85519358,,,,,,,,,,41.052,BB  ,0.089,6786563,40.832,41.17,,,,,,,,,53,53,53,53,50.412,VV  ,0.014,7140606,50.404,50.418,,,,,,,,,,,,,,,,,,,,,,,,,,,,,,
,40.176,48847814,,39.423,6653896,,,,,,,,,,42.495,BB  ,0.049,5378874,42.4,42.58,,,,,,,,,54,54,54,54,50.435,VV  ,0.039,25836748,50.418,50.515,,,,,,,,,,,,,,,,,,,,,,,,,,,,,,
,40.421,4861599,,39.599,8470824,,,,,,,,,,48.082,BB  ,0.025,479998,47.877,48.134,,,,,,,,,55,55,55,55,50.931,BV  ,0.079,16189956,50.741,50.956,,,,,,,,,,,,,,,,,,,,,,,,,,,,,,
,41.218,3777872,,39.664,7561534,,,,,,,,,,50.473,BB  ,0.159,126018583,50.034,50.747,,,,,,,,,56,56,56,56,50.963,VB  ,0.034,6783868,50.956,51.091,,,,,,,,,,,,,,,,,,,,,,,,,,,,,,
,41.881,4841092,,39.729,6696487,,,,,,,,,,50.955,BB  ,0.106,17714967,50.779,51.124,,,,,,,,,57,57,57,,,,,,,,,,,,,,,,,,,,,,,,,,,,,,,,,,,,,
,42.469,9250186,,39.959,131087817,,,,,,,,,,,,,,,,,,,,,,,,58,58,,,,,,,,,,,,,,,,,,,,,,,,,,,,,,,,,,,,,,
,45.044,6243255,,40.006,103237414,,,,,,,,,,,,,,,,,,,,,,,,59,59,,,,,,,,,,,,,,,,,,,,,,,,,,,,,,,,,,,,,,
,47.273,11116541,,40.079,23171540,,,,,,,,,,,,,,,,,,,,,,,,60,60,,,,,,,,,,,,,,,,,,,,,,,,,,,,,,,,,,,,,,
,47.834,27218349,,40.209,33732512,,,,,,,,,,,,,,,,,,,,,,,,61,61,,,,,,,,,,,,,,,,,,,,,,,,,,,,,,,,,,,,,,
,48.065,22943950,,40.3,16981502,,,,,,,,,,,,,,,,,,,,,,,,62,62,,,,,,,,,,,,,,,,,,,,,,,,,,,,,,,,,,,,,,
,48.089,19685933,,40.459,9492101,,,,,,,,,,,,,,,,,,,,,,,,63,63,,,,,,,,,,,,,,,,,,,,,,,,,,,,,,,,,,,,,,
,49.014,8857920,,41.078,4942179,,,,,,,,,,,,,,,,,,,,,,,,64,64,,,,,,,,,,,,,,,,,,,,,,,,,,,,,,,,,,,,,,
,50.413,137960116,,42.498,10253947,,,,,,,,,,,,,,,,,,,,,,,,65,65,,,,,,,,,,,,,,,,,,,,,,,,,,,,,,,,,,,,,,
,50.884,24070698,,45.081,8609821,,,,,,,,,,,,,,,,,,,,,,,,66,66,,,,,,,,,,,,,,,,,,,,,,,,,,,,,,,,,,,,,,
,,,,47.335,8737433,,,,,,,,,,,,,,,,,,,,,,,,,67,,,,,,,,,,,,,,,,,,,,,,,,,,,,,,,,,,,,,,
,,,,48.274,4630952,,,,,,,,,,,,,,,,,,,,,,,,,68,,,,,,,,,,,,,,,,,,,,,,,,,,,,,,,,,,,,,,
,,,,50.5,145942796,,,,,,,,,,,,,,,,,,,,,,,,,69,,,,,,,,,,,,,,,,,,,,,,,,,,,,,,,,,,,,,,
,,,,50.977,20834432,,,,,,,,,,,,,,,,,,,,,,,,,70,,,,,,,,,,,,,,,,,,,,,,,,,,,,,,,,,,,,,,
,,,,,,,,,,,,,,,,,,,,,,,,,,,,,,,,,,,,,,,Control shoots 1,Control shoots 2,Control shoots 3,Control shoots 4,,,,,,,,,,,,,,,,,,,,,,,,,,
,,,,,,,,,,,,,,,,,,,,,,,,,,,,,,,,,,,,,,,,,,,,,,,,,,,,,,,,,,,,,,,,,,,,
,Ret Time,Area,,Ret Time,Area,,,,,,,,,,Ret Time,Type,Width,Area,Start Time,End Time,,,,,,,,,,,,,,,,,,,Peak #,Peak #,Peak #,Peak #,Ret Time,Type,Width,Area,Start Time,End Time,,,,,,,,,,,,,,,,,,,,
,1.823,21052942090,,1.823,25190524191,,,,,,,,,,1.824,BV  ,0.024,24381019072,1.759,1.856,,,,,,,,,,,,,,,,,,,1,1,1,1,1.823,BV  ,0.024,23304651481,1.758,1.856,,,,,,,,,,,,,,,,,,,,
,1.864,46686362159,,1.864,199334558790,,,,,,,,,,1.864,VV  ,0.179,200387471837,1.856,3.851,,,,,,,,,,,,,,,,,,,2,2,2,2,1.864,VV  ,0.047,47212406831,1.856,1.938,,,,,,,,,,,,,,,,,,,,
,1.954,153724515516,,3.885,10966841043,,,,,,,,,,3.886,VB  ,0.307,11440974790,3.851,5.927,,,,,,,,,,,,,,,,,,,3,3,3,3,1.946,VV  ,0.24,155259897697,1.938,3.839,,,,,,,,,,,,,,,,,,,,
,3.886,1721734439,,8.556,5203011,,,,,,,,,,8.56,BB  ,0.062,8553850,8.482,8.695,,,,,,,,,,,,,,,,,,,4,4,4,4,3.886,VB  ,0.312,11136004398,3.853,5.96,,,,,,,,,,,,,,,,,,,,
,3.922,9425511420,,12.205,20018225,,,,,,,,,,15.272,BB  ,0.067,15496970,15.157,15.395,,,,,,,,,,,,,,,,,,,5,5,5,5,12.625,BB  ,0.056,4920062,12.533,12.728,,,,,,,,,,,,,,,,,,,,
,12.612,4001189,,14.341,5638301,,,,,,,,,,15.668,BV  ,0.083,371451346,15.424,15.701,,,,,,,,,,,,,,,,,,,6,6,6,6,15.6,BV  ,0.075,199310587,15.338,15.656,,,,,,,,,,,,,,,,,,,,
,15.59,207946012,,15.262,10414196,,,,,,,,,,15.713,VV  ,0.044,61124425,15.701,15.967,,,,,,,,,,,,,,,,,,,7,7,7,7,15.665,VV  ,0.013,10302307,15.656,15.673,,,,,,,,,,,,,,,,,,,,
,15.66,10537276,,15.627,311585683,,,,,,,,,,16.059,VB  ,0.065,47709545,15.967,16.324,,,,,,,,,,,,,,,,,,,8,8,8,8,15.679,VB  ,0.043,33194218,15.673,15.908,,,,,,,,,,,,,,,,,,,,
,15.677,34371344,,16.051,34949896,,,,,,,,,,16.451,BB  ,0.069,108793649,16.324,16.682,,,,,,,,,,,,,,,,,,,9,9,9,9,16.031,BB  ,0.067,25332880,15.928,16.24,,,,,,,,,,,,,,,,,,,,
,16.027,24983691,,16.431,75720409,,,,,,,,,,17.346,BB  ,0.042,3974573,17.28,17.444,,,,,,,,,,,,,,,,,,,10,10,10,10,16.4,BB  ,0.073,59551356,16.29,16.64,,,,,,,,,,,,,,,,,,,,
,16.403,60903302,,17.126,3857049,,,,,,,,,,19.485,BV  ,0.046,5413059,19.409,19.53,,,,,,,,,,,,,,,,,,,11,11,11,11,17.114,BB  ,0.042,4838275,17.035,17.196,,,,,,,,,,,,,,,,,,,,
,19.128,4620321,,18.972,3841446,,,,,,,,,,19.683,VB  ,0.083,29792184,19.53,19.817,,,,,,,,,,,,,,,,,,,12,12,12,12,20.665,BV  ,0.07,266852272,20.365,20.69,,,,,,,,,,,,,,,,,,,,
,20.652,245357146,,19.488,6412794,,,,,,,,,,20.586,BV  ,0.072,279867065,20.349,20.605,,,,,,,,,,,,,,,,,,,13,13,13,13,21.293,BB  ,0.041,4297544,21.211,21.355,,,,,,,,,,,,,,,,,,,,
,21.289,7134054,,19.574,4313092,,,,,,,,,,20.618,VV  ,0.025,4594891,20.605,20.662,,,,,,,,,,,,,,,,,,,14,14,14,14,22.598,BB  ,0.042,30237077,22.491,22.653,,,,,,,,,,,,,,,,,,,,
,22.598,36416567,,19.945,6682000,,,,,,,,,,21.324,PB  ,0.042,9081523,21.25,21.377,,,,,,,,,,,,,,,,,,,15,15,15,15,24.533,BB  ,0.041,4060212,24.46,24.613,,,,,,,,,,,,,,,,,,,,
,23.378,5526853,,20.286,8088945,,,,,,,,,,22.642,BV  ,0.048,65728610,22.475,22.687,,,,,,,,,,,,,,,,,,,16,16,16,16,25.919,BB  ,0.084,369890116,25.65,25.983,,,,,,,,,,,,,,,,,,,,
,23.733,7277732,,20.553,206395714,,,,,,,,,,23.422,BB  ,0.044,21404786,23.31,23.519,,,,,,,,,,,,,,,,,,,17,17,17,17,27.094,BB  ,0.037,3197500,27.015,27.138,,,,,,,,,,,,,,,,,,,,
,24.172,2694250,,20.604,4223671,,,,,,,,,,23.809,BB  ,0.055,28484548,23.692,23.917,,,,,,,,,,,,,,,,,,,18,18,18,18,27.654,VV  ,0.07,33046918,27.518,27.691,,,,,,,,,,,,,,,,,,,,
,24.33,3881402,,21.322,6933382,,,,,,,,,,24.218,BV  ,0.039,9329575,24.14,24.264,,,,,,,,,,,,,,,,,,,19,19,19,19,27.776,VB  ,0.046,43096782,27.691,27.868,,,,,,,,,,,,,,,,,,,,
,24.537,8433666,,21.644,9859411,,,,,,,,,,24.582,BV  ,0.04,13609028,24.487,24.647,,,,,,,,,,,,,,,,,,,20,20,20,20,28.987,BB  ,0.04,6748323,28.913,29.095,,,,,,,,,,,,,,,,,,,,
,25.623,5204884,,22.055,6687022,,,,,,,,,,25.685,VV  ,0.049,38069094,25.585,25.724,,,,,,,,,,,,,,,,,,,21,21,21,21,29.894,VB  ,0.036,10633445,29.83,29.968,,,,,,,,,,,,,,,,,,,,
,25.832,143514853,,22.624,31486429,,,,,,,,,,25.979,VV  ,0.097,533757580,25.724,26.027,,,,,,,,,,,,,,,,,,,22,22,22,22,30.33,BB  ,0.037,6135021,30.245,30.405,,,,,,,,,,,,,,,,,,,,
,25.873,96440290,,23.418,14613320,,,,,,,,,,26.342,BB  ,0.06,6401804,26.219,26.46,,,,,,,,,,,,,,,,,,,23,23,23,23,31.532,BB  ,0.046,6679189,31.44,31.603,,,,,,,,,,,,,,,,,,,,
,25.903,100860515,,23.78,23065957,,,,,,,,,,26.719,BV  ,0.049,14896673,26.55,26.771,,,,,,,,,,,,,,,,,,,24,24,24,24,31.687,BB  ,0.039,4933060,31.608,31.736,,,,,,,,,,,,,,,,,,,,
,27.079,3983309,,24.217,8598490,,,,,,,,,,27.137,BV  ,0.047,15950021,27.029,27.215,,,,,,,,,,,,,,,,,,,25,25,25,25,31.89,BB  ,0.059,6260143,31.815,32.008,,,,,,,,,,,,,,,,,,,,
,27.624,23664046,,24.356,12012920,,,,,,,,,,27.529,BV  ,0.045,4636564,27.444,27.568,,,,,,,,,,,,,,,,,,,26,26,26,26,32.219,BV  ,0.041,11412988,32.113,32.259,,,,,,,,,,,,,,,,,,,,
,27.756,40102877,,24.575,9392435,,,,,,,,,,27.701,VV  ,0.063,50862435,27.568,27.733,,,,,,,,,,,,,,,,,,,27,27,27,27,32.316,VV  ,0.045,15234237,32.259,32.381,,,,,,,,,,,,,,,,,,,,
,28.981,7981174,,25.118,5180665,,,,,,,,,,27.793,VB  ,0.046,28020631,27.733,27.894,,,,,,,,,,,,,,,,,,,28,28,28,28,32.712,BV  ,0.035,3583124,32.631,32.77,,,,,,,,,,,,,,,,,,,,
,29.886,10601148,,25.211,10669725,,,,,,,,,,28.254,BV  ,0.032,2825012,28.174,28.299,,,,,,,,,,,,,,,,,,,29,29,29,29,33.392,BB  ,0.048,17775115,33.265,33.455,,,,,,,,,,,,,,,,,,,,
,30.317,5354899,,25.524,4891554,,,,,,,,,,28.453,BB  ,0.052,6089063,28.352,28.552,,,,,,,,,,,,,,,,,,,30,30,30,30,34.631,BV  ,0.045,16129283,34.53,34.678,,,,,,,,,,,,,,,,,,,,
,31.673,4233349,,25.677,26388997,,,,,,,,,,28.863,BV  ,0.061,8582387,28.722,28.899,,,,,,,,,,,,,,,,,,,31,31,31,31,34.726,VB  ,0.044,7582927,34.678,34.816,,,,,,,,,,,,,,,,,,,,
,31.886,5221035,,25.954,429520988,,,,,,,,,,28.95,VV  ,0.038,8166281,28.899,28.984,,,,,,,,,,,,,,,,,,,32,32,32,32,34.973,BV  ,0.028,1613721,34.893,35.007,,,,,,,,,,,,,,,,,,,,
,31.961,9050525,,26.617,22002031,,,,,,,,,,29.026,VV  ,0.05,9906717,28.984,29.102,,,,,,,,,,,,,,,,,,,33,33,33,33,35.517,BB  ,0.055,12350776,35.381,35.661,,,,,,,,,,,,,,,,,,,,
,32.21,10283277,,26.715,11915695,,,,,,,,,,29.925,VB  ,0.037,13415240,29.86,29.992,,,,,,,,,,,,,,,,,,,34,34,34,34,36.636,BB  ,0.043,6511267,36.553,36.728,,,,,,,,,,,,,,,,,,,,
,32.307,14100289,,26.804,5539006,,,,,,,,,,30.339,BB  ,0.043,3971747,30.264,30.417,,,,,,,,,,,,,,,,,,,35,35,35,35,37.221,BB  ,0.048,45862350,37.078,37.288,,,,,,,,,,,,,,,,,,,,
,32.416,5346965,,26.904,21926453,,,,,,,,,,30.783,BB  ,0.036,4311601,30.719,30.84,,,,,,,,,,,,,,,,,,,36,36,36,36,37.621,BB  ,0.051,14136733,37.523,37.72,,,,,,,,,,,,,,,,,,,,
,32.701,4255529,,27.151,13254963,,,,,,,,,,31.709,BB  ,0.042,8194824,31.619,31.795,,,,,,,,,,,,,,,,,,,37,37,37,37,38.769,BV  ,0.061,30417995,38.643,38.865,,,,,,,,,,,,,,,,,,,,
,33.127,4093377,,27.356,21335061,,,,,,,,,,31.917,BB  ,0.046,9127435,31.835,32.019,,,,,,,,,,,,,,,,,,,38,38,38,38,39.175,BV  ,0.075,165067901,38.941,39.208,,,,,,,,,,,,,,,,,,,,
,33.364,12483392,,27.734,86017960,,,,,,,,,,32.254,BV  ,0.057,20978528,32.139,32.296,,,,,,,,,,,,,,,,,,,39,39,39,39,39.645,BV  ,0.045,25830200,39.543,39.717,,,,,,,,,,,,,,,,,,,,
,34.623,15557496,,27.833,51425915,,,,,,,,,,32.355,VV  ,0.055,21892562,32.296,32.413,,,,,,,,,,,,,,,,,,,40,40,40,40,39.934,PV  ,0.072,202849074,39.717,39.943,,,,,,,,,,,,,,,,,,,,
,34.709,4251774,,28.258,3935658,,,,,,,,,,32.448,VB  ,0.046,4692628,32.413,32.52,,,,,,,,,,,,,,,,,,,41,41,41,41,39.949,VV  ,0.015,30630765,39.943,39.974,,,,,,,,,,,,,,,,,,,,
,34.967,2065084,,28.531,16733875,,,,,,,,,,33.424,BB  ,0.055,19826063,33.225,33.494,,,,,,,,,,,,,,,,,,,42,42,42,42,40.021,VV  ,0.037,11286742,39.974,40.059,,,,,,,,,,,,,,,,,,,,
,35.505,7717224,,29.019,8290461,,,,,,,,,,34.291,BV  ,0.05,3245928,34.125,34.344,,,,,,,,,,,,,,,,,,,43,43,43,43,40.133,VV  ,0.05,13399534,40.059,40.208,,,,,,,,,,,,,,,,,,,,
,36.637,18179995,,29.919,7413032,,,,,,,,,,34.681,BV  ,0.049,41137305,34.549,34.72,,,,,,,,,,,,,,,,,,,44,44,44,44,40.492,PV  ,0.047,36830221,40.373,40.516,,,,,,,,,,,,,,,,,,,,
,37.205,40765222,,30.349,5638043,,,,,,,,,,34.768,VV  ,0.054,16988417,34.72,34.869,,,,,,,,,,,,,,,,,,,45,45,45,45,40.522,VV  ,0.008,4615028,40.516,40.525,,,,,,,,,,,,,,,,,,,,
,37.613,11686111,,30.786,4854722,,,,,,,,,,35.077,VB  ,0.087,9141788,34.869,35.17,,,,,,,,,,,,,,,,,,,46,46,46,46,40.532,VB  ,0.023,14218828,40.525,40.591,,,,,,,,,,,,,,,,,,,,
,38.748,23421852,,31.712,7183139,,,,,,,,,,35.56,BV  ,0.056,19727491,35.439,35.697,,,,,,,,,,,,,,,,,,,47,47,47,47,40.663,BB  ,0.039,4245079,40.596,40.709,,,,,,,,,,,,,,,,,,,,
,39.148,137741995,,31.918,7547934,,,,,,,,,,36.678,BB  ,0.049,18994693,36.56,36.795,,,,,,,,,,,,,,,,,,,48,48,48,48,44.439,BB  ,0.058,7512010,44.321,44.538,,,,,,,,,,,,,,,,,,,,
,39.619,26133067,,32.239,8480297,,,,,,,,,,37.259,BV  ,0.056,68218531,37.099,37.335,,,,,,,,,,,,,,,,,,,49,49,49,49,50.273,BV  ,0.111,33030653,49.931,50.277,,,,,,,,,,,,,,,,,,,,
,39.901,199306707,,32.335,14947603,,,,,,,,,,37.648,BB  ,0.061,8613064,37.547,37.742,,,,,,,,,,,,,,,,,,,50,50,50,50,50.316,VV  ,0.04,14131298,50.277,50.322,,,,,,,,,,,,,,,,,,,,
,39.992,20497847,,33.449,28692695,,,,,,,,,,38.805,VV  ,0.08,40672656,38.696,38.922,,,,,,,,,,,,,,,,,,,51,51,51,51,50.387,VV  ,0.057,28333510,50.322,50.391,,,,,,,,,,,,,,,,,,,,
,40.105,25985943,,34.484,26585357,,,,,,,,,,39.26,VV  ,0.1,305313977,38.922,39.296,,,,,,,,,,,,,,,,,,,52,52,52,52,50.398,VV  ,0.011,6211600,50.391,50.404,,,,,,,,,,,,,,,,,,,,
,40.239,18970528,,34.662,14692278,,,,,,,,,,39.329,VV  ,0.035,3499939,39.296,39.395,,,,,,,,,,,,,,,,,,,53,53,53,53,50.412,VV  ,0.014,7140606,50.404,50.418,,,,,,,,,,,,,,,,,,,,
,40.287,19953448,,34.762,33110945,,,,,,,,,,39.692,VV  ,0.051,37240475,39.573,39.766,,,,,,,,,,,,,,,,,,,54,54,54,54,50.435,VV  ,0.039,25836748,50.418,50.515,,,,,,,,,,,,,,,,,,,,
,40.462,36177061,,35.004,2459546,,,,,,,,,,40.01,VV  ,0.096,314221069,39.766,40.035,,,,,,,,,,,,,,,,,,,55,55,55,55,50.931,BV  ,0.079,16189956,50.741,50.956,,,,,,,,,,,,,,,,,,,,
,40.635,4074884,,35.56,12297470,,,,,,,,,,40.074,VV  ,0.045,21278167,40.035,40.115,,,,,,,,,,,,,,,,,,,56,56,56,56,50.963,VB  ,0.034,6783868,50.956,51.091,,,,,,,,,,,,,,,,,,,,
,41.246,9807066,,36.675,12874860,,,,,,,,,,40.163,VV  ,0.064,15332813,40.115,40.213,,,,,,,,,,,,,,,,,,,57,57,57,,,,,,,,,,,,,,,,,,,,,,,,,,,
,50.189,17875061,,37.227,29778120,,,,,,,,,,40.243,VV  ,0.034,5832177,40.213,40.257,,,,,,,,,,,,,,,,,,,58,58,58,,,,,,,,,,,,,,,,,,,,,,,,,,,
,50.373,76637296,,37.642,6968687,,,,,,,,,,40.315,VV  ,0.056,13826180,40.257,40.324,,,,,,,,,,,,,,,,,,,59,59,59,,,,,,,,,,,,,,,,,,,,,,,,,,,
,50.879,18115119,,38.793,25096473,,,,,,,,,,40.371,VV  ,0.067,25316750,40.324,40.462,,,,,,,,,,,,,,,,,,,60,60,60,,,,,,,,,,,,,,,,,,,,,,,,,,,
,51.26,9280873,,39.222,206432156,,,,,,,,,,40.537,VV  ,0.057,24237905,40.462,40.613,,,,,,,,,,,,,,,,,,,61,61,61,,,,,,,,,,,,,,,,,,,,,,,,,,,
,,,,39.653,18647606,,,,,,,,,,40.693,VV  ,0.045,3847362,40.613,40.748,,,,,,,,,,,,,,,,,,,,62,62,,,,,,,,,,,,,,,,,,,,,,,,,,,
,,,,39.952,210007510,,,,,,,,,,41.264,PV  ,0.052,3712258,41.204,41.341,,,,,,,,,,,,,,,,,,,,63,63,,,,,,,,,,,,,,,,,,,,,,,,,,,
,,,,40.037,16680094,,,,,,,,,,41.881,BB  ,0.067,5604721,41.728,41.988,,,,,,,,,,,,,,,,,,,,64,64,,,,,,,,,,,,,,,,,,,,,,,,,,,
,,,,40.152,21002434,,,,,,,,,,44.465,BB  ,0.063,5726224,44.355,44.598,,,,,,,,,,,,,,,,,,,,65,65,,,,,,,,,,,,,,,,,,,,,,,,,,,
,,,,40.279,16726795,,,,,,,,,,50.538,BV  ,0.162,133090089,49.971,50.565,,,,,,,,,,,,,,,,,,,,66,66,,,,,,,,,,,,,,,,,,,,,,,,,,,
,,,,40.341,9261935,,,,,,,,,,50.574,VV  ,0.033,19070628,50.565,50.666,,,,,,,,,,,,,,,,,,,,67,67,,,,,,,,,,,,,,,,,,,,,,,,,,,
,,,,40.41,9321715,,,,,,,,,,51.049,BV  ,0.108,26121671,50.835,51.255,,,,,,,,,,,,,,,,,,,,68,68,,,,,,,,,,,,,,,,,,,,,,,,,,,
,,,,40.43,4315069,,,,,,,,,,,,,,,,,,,,,,,,,,,,,,,,,,,69,,,,,,,,,,,,,,,,,,,,,,,,,,,,
,,,,40.523,32632411,,,,,,,,,,,,,,,,,,,,,,,,,,,,,,,,,,,70,,,,,,,,,,,,,,,,,,,,,,,,,,,,
,,,,40.68,4122582,,,,,,,,,,,,,,,,,,,,,,,,,,,,,,,,,,,71,,,,,,,,,,,,,,,,,,,,,,,,,,,,
,,,,41.256,601073,,,,,,,,,,,,,,,,,,,,,,,,,,,,,,,,,,,72,,,,,,,,,,,,,,,,,,,,,,,,,,,,
,,,,50.448,96817405,,,,,,,,,,,,,,,,,,,,,,,,,,,,,,,,,,,73,,,,,,,,,,,,,,,,,,,,,,,,,,,,
,,,,50.974,17448055,,,,,,,,,,,,,,,,,,,,,,,,,,,,,,,,,,,74,,,,,,,,,,,,,,,,,,,,,,,,,,,,
,,,,,,,,,,,,,,,,,,,,,,,,,,,,,,,,,,,,,,,,,,,,,,,,,Mock roots 1,Mock roots 2,Mock roots 3,Mock roots 4,,,,,,,,,,,,,,,,
,,,,,,,,,,,,,,,,,,,,,,,,,,,,,,,,,,,,,,,,,,,,,,,,,,,,,,,,,,,,,,,,,,,,
,Ret Time,Area,,Ret Time,Area,,,,,,,,,,Ret Time,Type,Width,Area,Start Time,End Time,,,,,,,,,,,,,,,,,,,,,,,,,,,,,Peak #,Peak #,Peak #,Peak #,Ret Time,Type,Width,Area,Start Time,End Time,,,,,,,,,,
,1.822,25937110262,,1.821,26292796030,,,,,,,,,,1.952,BV  ,0.308,3644264841,1.897,3.908,,,,,,,,,,,,,,,,,,,,,,,,,,,,,1,1,1,1,1.822,BV  ,0.025,23064317448,1.757,1.855,,,,,,,,,,
,1.862,201766645980,,1.86,203611208088,,,,,,,,,,3.944,VB  ,0.259,242066821,3.908,4.797,,,,,,,,,,,,,,,,,,,,,,,,,,,,,2,2,2,2,1.864,VV  ,0.047,47378593906,1.855,1.938,,,,,,,,,,
,3.885,11507958043,,3.885,11335695977,,,,,,,,,,20.433,BB  ,0.045,9395094,20.35,20.529,,,,,,,,,,,,,,,,,,,,,,,,,,,,,3,3,3,3,1.948,VV  ,0.239,152863211346,1.938,3.838,,,,,,,,,,
,12.517,7962226,,14.111,15069523,,,,,,,,,,25.755,BB  ,0.045,22336355,25.657,25.83,,,,,,,,,,,,,,,,,,,,,,,,,,,,,4,4,4,4,3.885,VB  ,0.315,11187357940,3.838,5.939,,,,,,,,,,
,15.244,9130975,,15.277,24925136,,,,,,,,,,34.73,BB  ,0.055,5704150,34.61,34.824,,,,,,,,,,,,,,,,,,,,,,,,,,,,,5,5,5,5,12.572,BV  ,0.068,9904247,12.445,12.615,,,,,,,,,,
,15.568,18110494,,15.579,70329388,,,,,,,,,,35.517,BB  ,0.05,5792312,35.432,35.622,,,,,,,,,,,,,,,,,,,,,,,,,,,,,6,6,6,6,12.671,VB  ,0.057,9189547,12.615,12.779,,,,,,,,,,
,15.623,3290116,,15.694,35597307,,,,,,,,,,39.052,BB  ,0.045,14386685,38.945,39.112,,,,,,,,,,,,,,,,,,,,,,,,,,,,,7,7,7,7,15.54,BV  ,0.065,7320600,15.449,15.639,,,,,,,,,,
,15.678,11858004,,16.052,5613333,,,,,,,,,,39.76,BB  ,0.044,4888899,39.669,39.82,,,,,,,,,,,,,,,,,,,,,,,,,,,,,8,8,8,8,17.336,BB  ,0.05,15716972,17.252,17.474,,,,,,,,,,
,17.352,8078022,,16.42,26898784,,,,,,,,,,40.224,BB  ,0.178,18798372,39.834,40.367,,,,,,,,,,,,,,,,,,,,,,,,,,,,,9,9,9,9,20.727,BB  ,0.091,488841340,20.377,20.869,,,,,,,,,,
,18.185,19793824,,17.354,29490753,,,,,,,,,,,,,,,,,,,,,,,,,,,,,,,,,,,,,,,,,,,,10,10,,10,21.408,BV  ,0.053,106789870,21.174,21.439,,,,,,,,,,
,18.238,17042712,,20.614,385087243,,,,,,,,,,,,,,,,,,,,,,,,,,,,,,,,,,,,,,,,,,,,11,11,Inconclusive - Alexander Melchor -- 04/05/2021,11,22.585,BV  ,0.049,7685848,22.445,22.644,,,,,,,,,,
,20.256,7195347,,20.64,5548416,,,,,,,,,,,,,,,,,,,,,,,,,,,,,,,,,,,,,,,,,,,,12,12,,12,23.752,BB  ,0.036,2337258,23.679,23.797,,,,,,,,,,
,20.739,514550832,,21.43,132507802,,,,,,,,,,,,,,,,,,,,,,,,,,,,,,,,,,,,,,,,,,,,13,13,,13,24.559,BV  ,0.043,8221459,24.477,24.635,,,,,,,,,,
,21.479,244631848,,21.492,2634172,,,,,,,,,,,,,,,,,,,,,,,,,,,,,,,,,,,,,,,,,,,,14,14,,14,25.964,BV  ,0.092,501859937,25.672,25.969,,,,,,,,,,
,21.511,110535808,,22.61,20342525,,,,,,,,,,,,,,,,,,,,,,,,,,,,,,,,,,,,,,,,,,,,15,15,,15,26.008,VB  ,0.033,199720502,25.969,26.057,,,,,,,,,,
,21.884,6650231,,23.138,3905305,,,,,,,,,,,,,,,,,,,,,,,,,,,,,,,,,,,,,,,,,,,,16,16,,16,27.664,BV  ,0.056,33406068,27.525,27.699,,,,,,,,,,
,22.602,11354704,,23.811,27556082,,,,,,,,,,,,,,,,,,,,,,,,,,,,,,,,,,,,,,,,,,,,17,17,,17,27.774,VB  ,0.047,33870790,27.699,27.882,,,,,,,,,,
,23.125,5000965,,24.573,10351589,,,,,,,,,,,,,,,,,,,,,,,,,,,,,,,,,,,,,,,,,,,,18,18,,18,28.837,BV  ,0.054,10021237,28.712,28.879,,,,,,,,,,
,23.814,36612706,,24.871,6623494,,,,,,,,,,,,,,,,,,,,,,,,,,,,,,,,,,,,,,,,,,,,19,19,,19,28.92,VV  ,0.04,7103639,28.879,28.974,,,,,,,,,,
,24.205,2146325,,25.098,3425765,,,,,,,,,,,,,,,,,,,,,,,,,,,,,,,,,,,,,,,,,,,,20,20,,20,29.904,BV  ,0.041,10893517,29.832,29.954,,,,,,,,,,
,24.587,27096717,,25.982,523346782,,,,,,,,,,,,,,,,,,,,,,,,,,,,,,,,,,,,,,,,,,,,21,21,,21,30.891,BB  ,0.037,5548366,30.814,30.95,,,,,,,,,,
,24.69,3365618,,26.008,111891887,,,,,,,,,,,,,,,,,,,,,,,,,,,,,,,,,,,,,,,,,,,,22,22,,22,32.213,BV  ,0.037,6631350,32.122,32.257,,,,,,,,,,
,24.862,5518214,,26.035,158589008,,,,,,,,,,,,,,,,,,,,,,,,,,,,,,,,,,,,,,,,,,,,23,23,,23,32.304,VB  ,0.047,4417162,32.257,32.375,,,,,,,,,,
,26.006,692150460,,26.62,10692712,,,,,,,,,,,,,,,,,,,,,,,,,,,,,,,,,,,,,,,,,,,,24,24,,24,32.722,BB  ,0.042,6194968,32.645,32.8,,,,,,,,,,
,26.596,7012723,,26.898,11893725,,,,,,,,,,,,,,,,,,,,,,,,,,,,,,,,,,,,,,,,,,,,25,25,,25,34.27,BV  ,0.048,6692377,34.174,34.33,,,,,,,,,,
,26.873,8043935,,27.118,1913907,,,,,,,,,,,,,,,,,,,,,,,,,,,,,,,,,,,,,,,,,,,,26,26,,26,34.749,BV  ,0.05,29526360,34.562,34.844,,,,,,,,,,
,27.088,5104424,,27.352,13004408,,,,,,,,,,,,,,,,,,,,,,,,,,,,,,,,,,,,,,,,,,,,27,27,,27,35.054,BB  ,0.052,4383189,34.964,35.137,,,,,,,,,,
,27.171,5913567,,27.706,63164258,,,,,,,,,,,,,,,,,,,,,,,,,,,,,,,,,,,,,,,,,,,,28,28,,28,35.529,BB  ,0.05,15648720,35.379,35.635,,,,,,,,,,
,27.325,7236782,,27.771,7747400,,,,,,,,,,,,,,,,,,,,,,,,,,,,,,,,,,,,,,,,,,,,29,29,,29,38.774,BB  ,0.067,37231976,38.614,38.879,,,,,,,,,,
,27.645,25450114,,27.828,7823969,,,,,,,,,,,,,,,,,,,,,,,,,,,,,,,,,,,,,,,,,,,,30,30,,30,39.24,BV  ,0.091,300014672,38.934,39.268,,,,,,,,,,
,27.727,5944019,,28.243,4484238,,,,,,,,,,,,,,,,,,,,,,,,,,,,,,,,,,,,,,,,,,,,31,31,,31,39.493,BV  ,0.061,4450156,39.357,39.537,,,,,,,,,,
,27.786,6372116,,28.509,5610206,,,,,,,,,,,,,,,,,,,,,,,,,,,,,,,,,,,,,,,,,,,,32,32,,32,39.595,VB  ,0.062,4847062,39.537,39.69,,,,,,,,,,
,28.614,4943929,,28.851,9033028,,,,,,,,,,,,,,,,,,,,,,,,,,,,,,,,,,,,,,,,,,,,33,33,,33,39.891,BV  ,0.061,114767891,39.694,39.924,,,,,,,,,,
,28.838,12398248,,28.927,5125306,,,,,,,,,,,,,,,,,,,,,,,,,,,,,,,,,,,,,,,,,,,,34,34,,34,39.982,VV  ,0.045,8600953,39.924,40.04,,,,,,,,,,
,28.926,11222101,,29.915,9944576,,,,,,,,,,,,,,,,,,,,,,,,,,,,,,,,,,,,,,,,,,,,35,35,,35,40.152,PV  ,0.057,8360012,40.04,40.204,,,,,,,,,,
,29.907,13607915,,30.281,2775607,,,,,,,,,,,,,,,,,,,,,,,,,,,,,,,,,,,,,,,,,,,,36,36,,36,40.214,VV  ,0.037,3608844,40.204,40.27,,,,,,,,,,
,30.89,6612766,,30.915,9209149,,,,,,,,,,,,,,,,,,,,,,,,,,,,,,,,,,,,,,,,,,,,37,37,,37,40.285,VV  ,0.015,341683,40.27,40.297,,,,,,,,,,
,31.895,5031868,,31.91,7428778,,,,,,,,,,,,,,,,,,,,,,,,,,,,,,,,,,,,,,,,,,,,38,38,,38,49.026,BB  ,0.088,7676668,48.884,49.159,,,,,,,,,,
,32.208,7541405,,32.232,9963053,,,,,,,,,,,,,,,,,,,,,,,,,,,,,,,,,,,,,,,,,,,,39,39,,39,50.347,BB  ,0.133,78707509,49.985,50.582,,,,,,,,,,
,32.302,4470078,,32.324,6129889,,,,,,,,,,,,,,,,,,,,,,,,,,,,,,,,,,,,,,,,,,,,40,40,,40,50.862,BB  ,0.103,11878448,50.682,51.009,,,,,,,,,,
,32.723,8094482,,32.734,4583843,,,,,,,,,,,,,,,,,,,,,,,,,,,,,,,,,,,,,,,,,,,,41,41,,,,,,,,,,,,,,,,,,
,33.004,6382497,,33.022,5616954,,,,,,,,,,,,,,,,,,,,,,,,,,,,,,,,,,,,,,,,,,,,42,42,,,,,,,,,,,,,,,,,,
,33.783,3526904,,34.297,14752692,,,,,,,,,,,,,,,,,,,,,,,,,,,,,,,,,,,,,,,,,,,,43,43,,,,,,,,,,,,,,,,,,
,34.272,14075389,,34.406,4566770,,,,,,,,,,,,,,,,,,,,,,,,,,,,,,,,,,,,,,,,,,,,44,44,,,,,,,,,,,,,,,,,,
,34.439,17004371,,34.465,21685952,,,,,,,,,,,,,,,,,,,,,,,,,,,,,,,,,,,,,,,,,,,,45,45,,,,,,,,,,,,,,,,,,
,34.773,60468191,,34.802,71270580,,,,,,,,,,,,,,,,,,,,,,,,,,,,,,,,,,,,,,,,,,,,46,46,,,,,,,,,,,,,,,,,,
,35.056,7602435,,35.081,7121225,,,,,,,,,,,,,,,,,,,,,,,,,,,,,,,,,,,,,,,,,,,,47,47,,,,,,,,,,,,,,,,,,
,35.538,27677701,,35.561,23815847,,,,,,,,,,,,,,,,,,,,,,,,,,,,,,,,,,,,,,,,,,,,48,48,,,,,,,,,,,,,,,,,,
,38.783,71452138,,36.659,4244226,,,,,,,,,,,,,,,,,,,,,,,,,,,,,,,,,,,,,,,,,,,,49,49,,,,,,,,,,,,,,,,,,
,39.336,582645361,,38.803,30627743,,,,,,,,,,,,,,,,,,,,,,,,,,,,,,,,,,,,,,,,,,,,50,50,,,,,,,,,,,,,,,,,,
,39.374,3132493,,38.816,53394759,,,,,,,,,,,,,,,,,,,,,,,,,,,,,,,,,,,,,,,,,,,,51,51,,,,,,,,,,,,,,,,,,
,39.538,8281756,,39.362,579891953,,,,,,,,,,,,,,,,,,,,,,,,,,,,,,,,,,,,,,,,,,,,52,52,,,,,,,,,,,,,,,,,,
,39.635,8950521,,39.386,107856959,,,,,,,,,,,,,,,,,,,,,,,,,,,,,,,,,,,,,,,,,,,,53,53,,,,,,,,,,,,,,,,,,
,39.986,274314052,,39.421,5615783,,,,,,,,,,,,,,,,,,,,,,,,,,,,,,,,,,,,,,,,,,,,54,54,,,,,,,,,,,,,,,,,,
,40.057,27676052,,39.583,13228345,,,,,,,,,,,,,,,,,,,,,,,,,,,,,,,,,,,,,,,,,,,,55,55,,,,,,,,,,,,,,,,,,
,40.163,19758954,,39.663,7349969,,,,,,,,,,,,,,,,,,,,,,,,,,,,,,,,,,,,,,,,,,,,56,56,,,,,,,,,,,,,,,,,,
,40.22,7850812,,39.942,106945976,,,,,,,,,,,,,,,,,,,,,,,,,,,,,,,,,,,,,,,,,,,,57,57,,,,,,,,,,,,,,,,,,
,40.27,12833060,,39.997,100315864,,,,,,,,,,,,,,,,,,,,,,,,,,,,,,,,,,,,,,,,,,,,58,58,,,,,,,,,,,,,,,,,,
,40.437,16362124,,40.005,28250048,,,,,,,,,,,,,,,,,,,,,,,,,,,,,,,,,,,,,,,,,,,,59,59,,,,,,,,,,,,,,,,,,
,41.891,5525372,,40.077,20447681,,,,,,,,,,,,,,,,,,,,,,,,,,,,,,,,,,,,,,,,,,,,60,60,,,,,,,,,,,,,,,,,,
,45.064,9666710,,40.179,12889443,,,,,,,,,,,,,,,,,,,,,,,,,,,,,,,,,,,,,,,,,,,,61,61,,,,,,,,,,,,,,,,,,
,47.29,9850420,,40.29,11000598,,,,,,,,,,,,,,,,,,,,,,,,,,,,,,,,,,,,,,,,,,,,62,62,,,,,,,,,,,,,,,,,,
,47.777,2244584,,45.087,7499588,,,,,,,,,,,,,,,,,,,,,,,,,,,,,,,,,,,,,,,,,,,,63,63,,,,,,,,,,,,,,,,,,
,49.055,11555758,,45.412,7393748,,,,,,,,,,,,,,,,,,,,,,,,,,,,,,,,,,,,,,,,,,,,64,64,,,,,,,,,,,,,,,,,,
,50.335,59493543,,47.324,7862449,,,,,,,,,,,,,,,,,,,,,,,,,,,,,,,,,,,,,,,,,,,,65,65,,,,,,,,,,,,,,,,,,
,50.428,66976698,,49.116,15847639,,,,,,,,,,,,,,,,,,,,,,,,,,,,,,,,,,,,,,,,,,,,66,66,,,,,,,,,,,,,,,,,,
,50.918,19728375,,50.28,16936350,,,,,,,,,,,,,,,,,,,,,,,,,,,,,,,,,,,,,,,,,,,,67,67,,,,,,,,,,,,,,,,,,
,51.314,9045620,,50.353,19513396,,,,,,,,,,,,,,,,,,,,,,,,,,,,,,,,,,,,,,,,,,,,68,68,,,,,,,,,,,,,,,,,,
,,,,50.374,7604728,,,,,,,,,,,,,,,,,,,,,,,,,,,,,,,,,,,,,,,,,,,,,69,,,,,,,,,,,,,,,,,,
,,,,50.421,18817605,,,,,,,,,,,,,,,,,,,,,,,,,,,,,,,,,,,,,,,,,,,,,70,,,,,,,,,,,,,,,,,,
,,,,50.449,13438070,,,,,,,,,,,,,,,,,,,,,,,,,,,,,,,,,,,,,,,,,,,,,71,,,,,,,,,,,,,,,,,,
,,,,50.473,9658752,,,,,,,,,,,,,,,,,,,,,,,,,,,,,,,,,,,,,,,,,,,,,72,,,,,,,,,,,,,,,,,,
,,,,50.486,24087078,,,,,,,,,,,,,,,,,,,,,,,,,,,,,,,,,,,,,,,,,,,,,73,,,,,,,,,,,,,,,,,,
,,,,50.967,9614177,,,,,,,,,,,,,,,,,,,,,,,,,,,,,,,,,,,,,,,,,,,,,74,,,,,,,,,,,,,,,,,,
,,,,50.979,6039396,,,,,,,,,,,,,,,,,,,,,,,,,,,,,,,,,,,,,,,,,,,,,75,,,,,,,,,,,,,,,,,,
,,,,,,,,,,,,,,,,,,,,,,,,,,,,,,,,,,,,,,,,,,,,,,,,,,,,,,,,,,,Mock shoots 1,Mock shoots 2,Mock shoots 3,Mock shoots 4,,,,,,
,,,,,,,,,,,,,,,,,,,,,,,,,,,,,,,,,,,,,,,,,,,,,,,,,,,,,,,,,,,,,,,,,,,,
,Ret Time,Area,,Ret Time,Area,,,,,,,,,,Ret Time,Type,Width,Area,Start Time,End Time,,,,,,,,,,,,,,,,,,,,,,,,,,,,,,,,,,,,,,,Peak #,Peak #,Peak #,Peak #,Ret Time,Type,Width,Area,Start Time,End Time
,1.823,24542863604,,1.824,24759450276,,,,,,,,,,1.823,BV  ,0.024,25005940761,1.753,1.854,,,,,,,,,,,,,,,,,,,,,,,,,,,,,,,,,,,,,,,1,1,1,1,1.823,BV  ,0.024,24398626979,1.761,1.856
,1.867,46216369477,,1.864,198847684074,,,,,,,,,,1.862,VV  ,0.156,201803476370,1.854,3.851,,,,,,,,,,,,,,,,,,,,,,,,,,,,,,,,,,,,,,,2,2,2,2,1.864,VV  ,0.163,199702661398,1.856,3.851
,1.948,152634854656,,3.887,11255015547,,,,,,,,,,3.885,VB  ,0.306,11409564800,3.851,5.931,,,,,,,,,,,,,,,,,,,,,,,,,,,,,,,,,,,,,,,3,3,3,3,3.885,VB  ,0.308,11321311263,3.851,5.931
,3.886,11195309549,,12.199,8933302,,,,,,,,,,8.565,BB  ,0.072,18493055,8.481,8.758,,,,,,,,,,,,,,,,,,,,,,,,,,,,,,,,,,,,,,,4,4,4,4,8.55,BB  ,0.061,10559206,8.476,8.691
,8.562,33692677,,15.256,5671978,,,,,,,,,,12.217,BB  ,0.059,31785980,12.108,12.416,,,,,,,,,,,,,,,,,,,,,,,,,,,,,,,,,,,,,,,5,5,5,5,15.645,BV  ,0.079,319676448,15.328,15.673
,15.582,159159202,,15.668,367022402,,,,,,,,,,15.264,BV  ,0.07,6584921,15.165,15.355,,,,,,,,,,,,,,,,,,,,,,,,,,,,,,,,,,,,,,,6,6,6,6,15.695,VB  ,0.052,53120832,15.673,15.945
,15.673,36761127,,15.71,53363377,,,,,,,,,,15.701,VV  ,0.088,498613041,15.355,15.721,,,,,,,,,,,,,,,,,,,,,,,,,,,,,,,,,,,,,,,7,7,7,7,16.046,BV  ,0.055,35298597,15.945,16.18
,16.022,17621016,,16.062,41011087,,,,,,,,,,15.729,VB  ,0.045,52358818,15.721,15.968,,,,,,,,,,,,,,,,,,,,,,,,,,,,,,,,,,,,,,,8,8,8,8,16.429,BB  ,0.06,90720276,16.303,16.655
,16.402,46480611,,16.449,107886294,,,,,,,,,,16.075,BB  ,0.055,61911817,15.973,16.333,,,,,,,,,,,,,,,,,,,,,,,,,,,,,,,,,,,,,,,9,9,9,9,17.113,BB  ,0.042,3766542,17.04,17.203
,17.113,5824817,,17.127,4377657,,,,,,,,,,16.465,BB  ,0.064,142942192,16.333,16.676,,,,,,,,,,,,,,,,,,,,,,,,,,,,,,,,,,,,,,,10,10,10,10,17.573,BB  ,0.055,5758899,17.496,17.695
,19.582,5461900,,19.481,3361911,,,,,,,,,,17.127,BB  ,0.046,4681401,17.051,17.21,,,,,,,,,,,,,,,,,,,,,,,,,,,,,,,,,,,,,,,11,11,11,11,19.471,BV  ,0.039,7253972,19.388,19.521
,20.653,226989581,,20.555,208621292,,,,,,,,,,18.976,VB  ,0.039,5907640,18.92,19.03,,,,,,,,,,,,,,,,,,,,,,,,,,,,,,,,,,,,,,,12,12,12,12,20.671,BV  ,0.071,264205329,20.37,20.693
,21.299,5651322,,20.596,3591416,,,,,,,,,,20.576,BV  ,0.069,256337060,20.348,20.597,,,,,,,,,,,,,,,,,,,,,,,,,,,,,,,,,,,,,,,13,13,13,13,21.301,BB  ,0.043,7011086,21.22,21.383
,22.594,26084117,,21.308,5031150,,,,,,,,,,20.61,VV  ,0.027,4722386,20.597,20.656,,,,,,,,,,,,,,,,,,,,,,,,,,,,,,,,,,,,,,,14,14,14,14,22.612,BV  ,0.042,38230620,22.443,22.656
,23.384,5781258,,22.626,42508391,,,,,,,,,,21.307,BB  ,0.041,5033878,21.221,21.373,,,,,,,,,,,,,,,,,,,,,,,,,,,,,,,,,,,,,,,15,15,15,15,23.423,BB  ,0.043,43616061,23.308,23.545
,23.735,3971468,,23.413,14616412,,,,,,,,,,22.626,BV  ,0.04,39473880,22.498,22.676,,,,,,,,,,,,,,,,,,,,,,,,,,,,,,,,,,,,,,,16,16,16,16,23.749,VB  ,0.048,11325121,23.665,23.853
,24.181,3157080,,23.765,9729083,,,,,,,,,,23.766,BB  ,0.058,8681011,23.573,23.825,,,,,,,,,,,,,,,,,,,,,,,,,,,,,,,,,,,,,,,17,17,17,17,24.21,BV  ,0.042,22155978,24.115,24.29
,24.542,5984654,,24.205,6045530,,,,,,,,,,24.278,VV  ,0.047,4792260,24.23,24.311,,,,,,,,,,,,,,,,,,,,,,,,,,,,,,,,,,,,,,,18,18,18,18,25.022,BB  ,0.045,2908427,24.936,25.088
,25.631,6922427,,24.672,4026191,,,,,,,,,,24.347,VB  ,0.047,6201773,24.311,24.46,,,,,,,,,,,,,,,,,,,,,,,,,,,,,,,,,,,,,,,19,19,19,19,25.682,BV  ,0.051,62466803,25.541,25.721
,25.888,301097404,,25.552,3445663,,,,,,,,,,24.673,BB  ,0.038,3453964,24.611,24.738,,,,,,,,,,,,,,,,,,,,,,,,,,,,,,,,,,,,,,,20,20,20,20,25.925,VV  ,0.083,381753090,25.721,25.986
,27.074,9031175,,25.658,19530619,,,,,,,,,,25.927,VV  ,0.08,350838980,25.686,25.937,,,,,,,,,,,,,,,,,,,,,,,,,,,,,,,,,,,,,,,21,21,21,21,26.049,VB  ,0.052,6651113,25.986,26.136
,27.538,7292396,,25.952,434394171,,,,,,,,,,25.953,VV  ,0.019,69302807,25.937,25.958,,,,,,,,,,,,,,,,,,,,,,,,,,,,,,,,,,,,,,,22,22,22,22,26.703,BB  ,0.061,26811362,26.495,26.833
,27.603,3750807,,26.7,6452663,,,,,,,,,,25.975,VB  ,0.024,105435697,25.958,26.033,,,,,,,,,,,,,,,,,,,,,,,,,,,,,,,,,,,,,,,23,23,23,23,27.087,BB  ,0.038,3270245,27.011,27.138
,27.704,2243570,,27.094,6299504,,,,,,,,,,27.091,BB  ,0.039,5563024,27.01,27.141,,,,,,,,,,,,,,,,,,,,,,,,,,,,,,,,,,,,,,,24,24,24,24,27.63,VV  ,0.074,19392327,27.516,27.676
,28.417,6278281,,27.561,9572123,,,,,,,,,,27.627,VV  ,0.041,4927995,27.577,27.673,,,,,,,,,,,,,,,,,,,,,,,,,,,,,,,,,,,,,,,25,25,25,25,27.755,VB  ,0.044,31543603,27.676,27.86
,29.893,9898043,,27.636,7109460,,,,,,,,,,27.734,VV  ,0.039,6983648,27.673,27.762,,,,,,,,,,,,,,,,,,,,,,,,,,,,,,,,,,,,,,,26,26,26,26,28.436,BB  ,0.045,6595359,28.315,28.508
,30.323,4281025,,27.742,12643735,,,,,,,,,,27.786,VB  ,0.034,4423499,27.762,27.861,,,,,,,,,,,,,,,,,,,,,,,,,,,,,,,,,,,,,,,27,27,27,27,28.788,BV  ,0.046,23243730,28.681,28.875
,31.889,4198958,,27.788,4843368,,,,,,,,,,28.443,BB  ,0.044,4164341,28.335,28.523,,,,,,,,,,,,,,,,,,,,,,,,,,,,,,,,,,,,,,,28,28,28,28,29.005,VB  ,0.043,11232916,28.945,29.095
,32.215,10065000,,28.435,4323727,,,,,,,,,,28.809,BV  ,0.04,26999456,28.698,28.856,,,,,,,,,,,,,,,,,,,,,,,,,,,,,,,,,,,,,,,29,29,29,29,29.904,VB  ,0.038,10739201,29.838,29.956
,32.313,12352796,,28.802,24241859,,,,,,,,,,29.018,BB  ,0.038,11780375,28.928,29.116,,,,,,,,,,,,,,,,,,,,,,,,,,,,,,,,,,,,,,,30,30,30,30,30.337,BB  ,0.05,8780451,30.201,30.413
,32.709,3609877,,29.016,10196031,,,,,,,,,,29.917,BB  ,0.044,10498338,29.738,29.971,,,,,,,,,,,,,,,,,,,,,,,,,,,,,,,,,,,,,,,31,31,31,31,31.715,BB  ,0.05,29473981,31.61,31.808
,32.846,5339329,,29.915,10157561,,,,,,,,,,30.352,BB  ,0.045,10642871,30.2,30.423,,,,,,,,,,,,,,,,,,,,,,,,,,,,,,,,,,,,,,,32,32,32,32,31.908,BB  ,0.043,8523907,31.821,32.01
,33.425,32626350,,30.347,7053808,,,,,,,,,,30.783,BB  ,0.035,6896325,30.696,30.84,,,,,,,,,,,,,,,,,,,,,,,,,,,,,,,,,,,,,,,33,33,33,33,32.226,BV  ,0.045,12312226,32.116,32.268
,34.653,33229593,,30.779,5084482,,,,,,,,,,31.743,BV  ,0.045,47293429,31.613,31.836,,,,,,,,,,,,,,,,,,,,,,,,,,,,,,,,,,,,,,,34,34,34,34,32.329,VV  ,0.047,12375181,32.268,32.385
,34.725,8328877,,31.745,45615714,,,,,,,,,,31.922,VB  ,0.044,10860690,31.836,32.015,,,,,,,,,,,,,,,,,,,,,,,,,,,,,,,,,,,,,,,35,35,35,35,32.716,BB  ,0.047,3569840,32.64,32.781
,35.518,11122562,,31.922,9773438,,,,,,,,,,32.239,BV  ,0.045,9779911,32.143,32.275,,,,,,,,,,,,,,,,,,,,,,,,,,,,,,,,,,,,,,,36,36,36,36,33.41,BB  ,0.053,22049948,33.216,33.466
,36.638,6753480,,32.237,10078108,,,,,,,,,,32.339,VV  ,0.049,12481632,32.275,32.4,,,,,,,,,,,,,,,,,,,,,,,,,,,,,,,,,,,,,,,37,37,37,37,34.43,BB  ,0.052,7652939,34.335,34.503
,37.21,38864293,,32.334,13651005,,,,,,,,,,33.417,BB  ,0.054,19213957,33.243,33.483,,,,,,,,,,,,,,,,,,,,,,,,,,,,,,,,,,,,,,,38,38,38,38,34.648,BV  ,0.047,20894096,34.526,34.686
,37.623,14675976,,32.731,3356527,,,,,,,,,,34.287,BV  ,0.058,4741378,34.145,34.343,,,,,,,,,,,,,,,,,,,,,,,,,,,,,,,,,,,,,,,39,39,39,39,34.731,VB  ,0.053,9990948,34.686,34.843
,38.757,18740115,,33.158,4358195,,,,,,,,,,34.449,VB  ,0.056,13595487,34.343,34.538,,,,,,,,,,,,,,,,,,,,,,,,,,,,,,,,,,,,,,,40,40,40,40,35.528,BB  ,0.058,14043829,35.43,35.67
,39.164,148055531,,33.419,19854974,,,,,,,,,,34.671,BV  ,0.046,27809532,34.56,34.71,,,,,,,,,,,,,,,,,,,,,,,,,,,,,,,,,,,,,,,41,41,41,41,36.646,BB  ,0.051,10317589,36.538,36.75
,39.622,25026102,,34.287,3611402,,,,,,,,,,34.766,VV  ,0.056,19754211,34.71,34.85,,,,,,,,,,,,,,,,,,,,,,,,,,,,,,,,,,,,,,,42,42,42,42,37.232,BB  ,0.052,53421625,37.106,37.315
,39.896,170121233,,34.448,14487143,,,,,,,,,,34.92,VV  ,0.06,6683170,34.85,34.971,,,,,,,,,,,,,,,,,,,,,,,,,,,,,,,,,,,,,,,43,43,43,43,37.625,BB  ,0.051,9117538,37.523,37.708
,39.985,13547603,,34.656,14986618,,,,,,,,,,35.074,VB  ,0.078,8814662,34.971,35.178,,,,,,,,,,,,,,,,,,,,,,,,,,,,,,,,,,,,,,,44,44,44,44,38.771,BB  ,0.066,29331446,38.658,38.893
,40.082,10117109,,34.755,14989193,,,,,,,,,,35.556,BV  ,0.065,21579876,35.408,35.693,,,,,,,,,,,,,,,,,,,,,,,,,,,,,,,,,,,,,,,45,45,45,45,39.197,BV  ,0.083,206420825,38.941,39.238
,40.503,29404785,,34.91,4961463,,,,,,,,,,36.675,BB  ,0.051,18546551,36.551,36.79,,,,,,,,,,,,,,,,,,,,,,,,,,,,,,,,,,,,,,,46,46,46,46,39.654,PV  ,0.051,23939362,39.541,39.728
,40.65,3003065,,34.999,5316116,,,,,,,,,,37.262,VB  ,0.059,72345553,37.125,37.355,,,,,,,,,,,,,,,,,,,,,,,,,,,,,,,,,,,,,,,47,47,47,47,39.951,VV  ,0.096,259425666,39.728,39.988
,44.432,5379011,,35.068,5831877,,,,,,,,,,37.651,BV  ,0.053,7109561,37.548,37.728,,,,,,,,,,,,,,,,,,,,,,,,,,,,,,,,,,,,,,,48,48,48,48,40.038,VV  ,0.044,18845695,39.988,40.076
,50.379,102929076,,35.553,18695718,,,,,,,,,,38.799,VB  ,0.076,34312106,38.693,38.913,,,,,,,,,,,,,,,,,,,,,,,,,,,,,,,,,,,,,,,49,49,49,49,40.132,VV  ,0.066,16029457,40.076,40.231
,50.578,5916403,,36.67,16340616,,,,,,,,,,39.252,BV  ,0.092,266118608,38.961,39.285,,,,,,,,,,,,,,,,,,,,,,,,,,,,,,,,,,,,,,,50,50,50,50,40.27,VB  ,0.036,2414860,40.231,40.301
,50.907,19303302,,37.008,6150206,,,,,,,,,,39.682,VV  ,0.054,44388577,39.573,39.763,,,,,,,,,,,,,,,,,,,,,,,,,,,,,,,,,,,,,,,51,51,51,51,40.493,BV  ,0.057,20016425,40.345,40.583
,,,,37.231,35837202,,,,,,,,,,39.986,VV  ,0.09,274363189,39.763,40.02,,,,,,,,,,,,,,,,,,,,,,,,,,,,,,,,,,,,,,,,52,52,52,40.663,PV  ,0.046,3798269,40.583,40.713
,,,,37.646,12488378,,,,,,,,,,40.061,VV  ,0.043,18321430,40.02,40.098,,,,,,,,,,,,,,,,,,,,,,,,,,,,,,,,,,,,,,,,53,53,53,41.23,VB  ,0.06,4869710,41.178,41.355
,,,,38.796,34376081,,,,,,,,,,40.155,VV  ,0.06,22118894,40.098,40.213,,,,,,,,,,,,,,,,,,,,,,,,,,,,,,,,,,,,,,,,54,54,54,50.433,BV  ,0.159,118280982,49.945,50.542
,,,,39.217,193220088,,,,,,,,,,40.311,VV  ,0.074,18044362,40.213,40.324,,,,,,,,,,,,,,,,,,,,,,,,,,,,,,,,,,,,,,,,55,55,55,50.56,VB  ,0.097,6498968,50.542,50.735
,,,,39.667,29375337,,,,,,,,,,40.355,VV  ,0.055,13770952,40.324,40.415,,,,,,,,,,,,,,,,,,,,,,,,,,,,,,,,,,,,,,,,56,56,56,50.933,BB  ,0.114,19554245,50.742,51.122
,,,,39.972,244397540,,,,,,,,,,40.556,VV  ,0.07,45494400,40.415,40.62,,,,,,,,,,,,,,,,,,,,,,,,,,,,,,,,,,,,,,,,57,57,,,,,,,
,,,,40.051,20824478,,,,,,,,,,40.692,PV  ,0.037,2908027,40.62,40.731,,,,,,,,,,,,,,,,,,,,,,,,,,,,,,,,,,,,,,,,58,58,,,,,,,
,,,,40.146,15820674,,,,,,,,,,41.262,BB  ,0.046,2662816,41.198,41.31,,,,,,,,,,,,,,,,,,,,,,,,,,,,,,,,,,,,,,,,59,59,,,,,,,
,,,,40.346,51254749,,,,,,,,,,41.91,BB  ,0.056,5763633,41.788,41.976,,,,,,,,,,,,,,,,,,,,,,,,,,,,,,,,,,,,,,,,60,60,,,,,,,
,,,,40.511,36198606,,,,,,,,,,44.477,BB  ,0.058,7222618,44.37,44.578,,,,,,,,,,,,,,,,,,,,,,,,,,,,,,,,,,,,,,,,61,61,,,,,,,
,,,,40.685,5740399,,,,,,,,,,46.053,BB  ,0.07,5762364,45.923,46.158,,,,,,,,,,,,,,,,,,,,,,,,,,,,,,,,,,,,,,,,62,62,,,,,,,
,,,,41.898,5355950,,,,,,,,,,50.448,BV  ,0.166,103221616,49.955,50.573,,,,,,,,,,,,,,,,,,,,,,,,,,,,,,,,,,,,,,,,63,63,,,,,,,
,,,,44.475,7363069,,,,,,,,,,50.635,VB  ,0.073,3767156,50.573,50.713,,,,,,,,,,,,,,,,,,,,,,,,,,,,,,,,,,,,,,,,64,64,,,,,,,
,,,,46.044,5433838,,,,,,,,,,50.959,BB  ,0.11,15416858,50.78,51.136,,,,,,,,,,,,,,,,,,,,,,,,,,,,,,,,,,,,,,,,65,65,,,,,,,
,,,,50.444,95008703,,,,,,,,,,,,,,,,,,,,,,,,,,,,,,,,,,,,,,,,,,,,,,,,,,,,,,,66,,,,,,,,
,,,,50.967,15946305,,,,,,,,,,,,,,,,,,,,,,,,,,,,,,,,,,,,,,,,,,,,,,,,,,,,,,,67,,,,,,,,
